-- phpMyAdmin SQL Dump
-- version 5.1.0
-- https://www.phpmyadmin.net/
--
-- Host: 127.0.0.1
-- Generation Time: Jun 18, 2021 at 12:35 PM
-- Server version: 10.4.18-MariaDB
-- PHP Version: 8.0.3

SET SQL_MODE = "NO_AUTO_VALUE_ON_ZERO";
START TRANSACTION;
SET time_zone = "+00:00";


/*!40101 SET @OLD_CHARACTER_SET_CLIENT=@@CHARACTER_SET_CLIENT */;
/*!40101 SET @OLD_CHARACTER_SET_RESULTS=@@CHARACTER_SET_RESULTS */;
/*!40101 SET @OLD_COLLATION_CONNECTION=@@COLLATION_CONNECTION */;
/*!40101 SET NAMES utf8mb4 */;

--
-- Database: `stok`
--

-- --------------------------------------------------------

--
-- Table structure for table `barang`
--

CREATE TABLE `barang` (
  `id` varchar(50) NOT NULL,
  `namaBarang` varchar(255) NOT NULL,
  `createdAt` timestamp NOT NULL DEFAULT current_timestamp(),
  `updatedAt` timestamp NOT NULL DEFAULT current_timestamp(),
  `kodeSub` varchar(50) NOT NULL
) ENGINE=InnoDB DEFAULT CHARSET=utf8mb4;

--
-- Dumping data for table `barang`
--

INSERT INTO `barang` (`id`, `namaBarang`, `createdAt`, `updatedAt`, `kodeSub`) VALUES
('0041eae0-4816-460a-a77c-35b16863ef57', 'MAP CETAKAN', '2021-05-03 06:33:27', '2021-05-03 06:33:27', '1c3e0049-ff2f-49e1-9f16-24b060eb9391'),
('01308bee-8331-4a26-a7d0-183dae768532', 'FITTING LISTRIK', '2021-05-03 06:40:30', '2021-05-03 06:40:30', '9b7bdfa6-4021-43f5-8593-d9882670e16e'),
('035d3d3e-f6e6-44bd-a3b6-ca32a49e528c', 'MODEM', '2021-05-03 06:26:21', '2021-05-03 06:26:21', 'f2280de1-f530-4adb-aa98-fa9ff17232b4'),
('04112d34-de5b-42f7-b14a-ed48614601e8', 'MOUSE', '2021-05-03 06:37:21', '2021-05-03 06:37:21', '653ffc3b-dad7-4bd3-aef1-93997ef95a2f'),
('0462105c-6ab8-4a43-a5b1-bb3178cd0c8d', 'CHARGER', '2021-05-03 06:38:28', '2021-05-03 06:38:28', '653ffc3b-dad7-4bd3-aef1-93997ef95a2f'),
('059a1cef-e465-4dec-847f-26f5f78186e7', 'BANGUNAN HUNIAN', '2021-05-03 06:19:18', '2021-05-03 06:19:18', '8d89a1cb-294b-4d24-8c3c-32d77894ecc2'),
('07221c98-d8e4-4dc1-aee7-4d6566462102', 'PAPER BAG', '2021-05-03 06:40:37', '2021-05-03 06:40:37', 'cea38df0-ac60-4f74-a43d-cf84dfc79495'),
('078fa4e7-d40a-42d5-9198-227fb8fe7bb3', 'UPS', '2021-05-03 06:22:59', '2021-05-06 06:01:13', '487e6c2d-1b8e-4d2e-ae1c-8089da29be14'),
('07e31694-bcd8-4423-a947-91b7c8bfb199', 'ORDER', '2021-05-03 06:30:11', '2021-05-03 06:30:11', '22ea31b8-9b70-49be-9f0c-4bf0f476f4f6'),
('08e18165-cd95-4fd2-80c1-94ac180b709e', 'CONNECTOR RJ-15', '2021-05-03 06:40:06', '2021-05-03 06:40:06', '87be7fbc-7e57-4256-85bc-380da9976c35'),
('098a99b1-c529-4174-a418-8ac31bbaba00', 'NOTEBOOK/LAPTOP', '2021-05-03 06:24:56', '2021-05-03 06:24:56', '3a9a4e5b-fb8f-4074-8f34-842c8d3fca28'),
('0a06a0a0-b82a-47e9-bc57-e4362dfcb6fe', 'AKSESORIS', '2021-05-03 06:36:49', '2021-05-05 08:00:02', 'c3a544c3-9aa8-434d-b462-afd3fd66ecbf'),
('0bb73781-5ab6-4d76-836f-d9ed73ec842a', 'PALU', '2021-05-03 06:51:12', '2021-05-03 06:51:12', '58c5bedb-3df4-4e65-8f0e-9366c9981b81'),
('0c745337-5a94-4848-b302-042a9a0c1a42', 'BROSUR', '2021-05-03 06:43:42', '2021-05-03 06:43:42', '63e61f7a-7898-4455-a9c3-beee7971ab03'),
('0de8cfae-2822-4d24-b8c3-a43c354d375b', 'PENA', '2021-05-03 06:28:03', '2021-05-03 06:28:03', '08787f25-1009-4999-938c-2f9e817be56d'),
('0e9ffe86-831f-4fef-913c-1e1aa6bf7c1f', 'KABEL JARINGAN LAN', '2021-05-03 06:40:27', '2021-05-03 06:40:27', '87be7fbc-7e57-4256-85bc-380da9976c35'),
('0f993eeb-76ac-474c-91f5-7ee4bc6e87df', 'ALAT PEMOTONG', '2021-05-03 06:51:31', '2021-05-03 06:51:31', '58c5bedb-3df4-4e65-8f0e-9366c9981b81'),
('10010299-74c1-4ef3-8527-0be8e7d8426f', 'KABEL POWER', '2021-05-03 06:37:58', '2021-05-03 06:37:58', '653ffc3b-dad7-4bd3-aef1-93997ef95a2f'),
('100c1a25-4f5f-4508-b675-573d23e0d397', 'MESIN TRAFO LAS', '2021-05-03 06:30:07', '2021-05-03 06:30:07', '6fef606a-1af2-410c-ba05-e910a223ee39'),
('10265cc8-0dad-479f-83f7-82bf7fccaf4f', 'KABEL LISTRIK', '2021-05-03 06:41:02', '2021-05-03 06:41:02', '9b7bdfa6-4021-43f5-8593-d9882670e16e'),
('1057a272-b578-4826-9add-b273592324a1', 'GELAS', '2021-05-03 06:36:09', '2021-05-03 06:36:09', '38d7c116-280d-4690-a616-ffa21f626c46'),
('1276727a-73eb-463a-b764-47b0df9011d7', 'MOBIL SEDAN', '2021-05-03 06:33:55', '2021-05-03 06:33:55', 'dbc2d552-c631-42d5-974b-b23204c7cdba'),
('13357f37-77ab-413d-b7f3-5de0848b57ae', 'SOLDER', '2021-05-03 06:45:16', '2021-05-03 06:45:16', '4ffec7fe-f1f0-4361-bcbe-e1fe5b049ff4'),
('1573157b-5f4c-4876-a69b-a9477fbdc204', 'MESIN POTONG KERAMIK', '2021-05-03 06:28:54', '2021-05-03 06:28:54', '6fef606a-1af2-410c-ba05-e910a223ee39'),
('1616a971-f2f4-468e-9f6f-efe4cbc151fe', 'EXTERNAL DISK', '2021-05-03 06:37:03', '2021-05-03 06:37:03', '653ffc3b-dad7-4bd3-aef1-93997ef95a2f'),
('17fb6041-2227-4fd3-8dea-84a97aac6248', 'FORMULIR', '2021-05-03 06:44:18', '2021-05-03 06:44:18', '63e61f7a-7898-4455-a9c3-beee7971ab03'),
('18ab5997-7b40-466a-ad76-57d335453154', 'LAMPU PIJAR (BOHLAM)', '2021-05-03 06:39:20', '2021-05-03 06:39:20', '677b4941-b841-4947-9d61-cdc8c7c17741'),
('1d14d980-bf01-4f32-bce5-aa05289e3aa0', 'BUKU CETAKAN', '2021-05-03 06:27:52', '2021-05-03 06:27:52', '08787f25-1009-4999-938c-2f9e817be56d'),
('1d8d46e8-0875-44e3-8345-5691cc0e18d5', 'MESIN POMPA AIR', '2021-05-03 06:20:25', '2021-05-03 06:20:25', 'cc923492-322b-4c26-ad18-01b39aadc3b8'),
('20eb58f2-a8dd-4935-9111-8d4f648789d6', 'TERMIS', '2021-05-03 06:42:53', '2021-05-03 06:42:53', '9b7bdfa6-4021-43f5-8593-d9882670e16e'),
('21245cd2-b2e3-4cc1-9025-cbf13040ce83', 'SERAGAM PDL SECURITY', '2021-05-03 06:39:13', '2021-05-03 06:39:13', 'e4de2947-0177-4036-945a-d6df361f505c'),
('213dd8f2-682d-45fb-b70c-a205c1f2fc70', 'KLIP', '2021-05-03 06:30:19', '2021-05-03 06:30:19', '22ea31b8-9b70-49be-9f0c-4bf0f476f4f6'),
('2171251f-6f14-46db-989d-ba2d843aa15a', 'MINIATUR', '2021-05-03 06:40:16', '2021-05-03 06:40:16', 'cea38df0-ac60-4f74-a43d-cf84dfc79495'),
('218cba5f-2cf1-4018-a5f3-62bff58814ca', 'KARPET', '2021-05-06 09:40:09', '2021-05-06 09:40:09', 'c3a544c3-9aa8-434d-b462-afd3fd66ecbf'),
('22da73c3-5695-4198-9243-db1c033c65aa', 'MOBIL TRUK KECIL - BOX', '2021-05-03 06:46:40', '2021-05-03 06:46:40', 'f026ab38-5300-438e-9268-9ec021989c2d'),
('25315476-9b7f-4622-a4d0-f1668cd9ad23', 'HARDISK', '2021-05-03 06:41:15', '2021-05-03 06:41:15', '9cabf3a6-2950-4c95-bbc0-ccf2889bf47f'),
('25dfcf78-fe78-4b7a-a936-25630fff7411', 'BANGUNAN UNIT KEMAHASISWAAN', '2021-05-03 06:22:08', '2021-05-03 06:22:08', '1a1bbe20-d25d-4ced-802f-4d378f9ced3f'),
('2665b1f8-3341-4b24-8cc1-71199f475203', 'KAOS', '2021-05-03 06:37:51', '2021-05-03 06:37:51', '18981200-7777-464e-9da7-c2535e549a41'),
('26797dca-75ba-41e9-9e85-ff7b34844cc1', 'TISUE', '2021-05-03 06:34:15', '2021-05-03 06:34:15', '94e18dbf-d173-4b1e-aa9d-a7e958e6f73a'),
('26f68b9d-f4e2-4c7c-ac16-10ff3d67678f', 'STEKER LISTRIK', '2021-05-03 06:41:41', '2021-05-03 06:41:41', '9b7bdfa6-4021-43f5-8593-d9882670e16e'),
('2a84c5bc-d2aa-4800-94b7-70cdadbd2105', 'PIN INSTITUSI', '2021-05-03 06:38:53', '2021-05-03 06:38:53', 'b54686ba-e4a0-496a-ab36-43b37ba0c9ab'),
('2cfb61ac-5879-4ad0-969f-8cb95c5d7425', 'PRINTER', '2021-05-03 06:25:09', '2021-05-03 06:25:09', '3a9a4e5b-fb8f-4074-8f34-842c8d3fca28'),
('2d67b64b-df0b-4aff-84ba-a622329465b6', 'STEGGER', '2021-05-03 06:31:19', '2021-05-03 06:31:19', '6fef606a-1af2-410c-ba05-e910a223ee39'),
('30b91796-836c-4dae-bdee-d9bec3cbf7b7', 'MESIN GARINDA', '2021-05-03 06:30:22', '2021-05-03 06:31:02', '6fef606a-1af2-410c-ba05-e910a223ee39'),
('31d6fe31-30f8-4343-9785-aef01ba68034', 'DRUM', '2021-05-03 06:36:25', '2021-05-03 06:36:25', '12d26da0-6b30-4aae-b796-bb6cfec91ce3'),
('336e860d-b215-4229-8bb3-5421c81adc35', 'LEM SERBAGUNA', '2021-05-03 06:48:55', '2021-05-03 06:48:55', '9a3dd5b3-d845-4160-8dce-1b7787b1c208'),
('33b19066-e22f-444d-a612-eb65327ad44d', 'BEBEK', '2021-05-03 06:29:48', '2021-05-03 06:29:48', '3a977076-bd81-427b-b864-4208b13f91aa'),
('35e84847-7c76-4a54-ae2b-8978a28ac612', 'MOBIL COUPLE', '2021-05-03 06:34:56', '2021-05-03 06:34:56', 'dbc2d552-c631-42d5-974b-b23204c7cdba'),
('37492dcd-b2e1-4ed6-88cd-00d755778ac6', 'STRAPER', '2021-05-03 06:34:37', '2021-05-03 06:34:37', '5ffe906e-62a1-44a0-a3b7-08fb0dabc956'),
('37f7b38a-67e8-4ce0-b74b-92feae5ab002', 'KLEM & KABEL TIES', '2021-05-03 06:43:58', '2021-05-03 06:43:58', '9b7bdfa6-4021-43f5-8593-d9882670e16e'),
('39bd81c1-3c30-4a0d-8d48-6f6f461c7e36', 'DISK', '2021-05-03 06:36:49', '2021-05-03 06:36:49', '653ffc3b-dad7-4bd3-aef1-93997ef95a2f'),
('3ab7612b-6299-4b56-834f-e4cc9455b8b4', 'LEMARI', '2021-05-03 06:36:20', '2021-05-03 06:36:20', 'c3a544c3-9aa8-434d-b462-afd3fd66ecbf'),
('3acbea4d-fe54-42ad-a6e7-66aa2d4c2031', ' BALEHO', '2021-05-03 06:42:31', '2021-05-03 06:42:31', 'ca1f430a-61c5-4332-9377-4a1c7850b25a'),
('3b629464-069a-468d-b03c-ecc7323ff7c4', 'FREON AC', '2021-05-03 06:55:09', '2021-05-03 06:55:09', 'b82012be-74e6-4c65-8e91-f0d79e37821f'),
('3d0f99f5-392f-40d0-a0b1-24b36958402c', 'LAP PEL', '2021-05-03 06:35:46', '2021-05-03 06:35:46', '94e18dbf-d173-4b1e-aa9d-a7e958e6f73a'),
('3e972845-bf8f-414c-a489-afc4d30b803f', 'TOOLS ME', '2021-05-03 06:32:17', '2021-05-03 06:32:17', '6fef606a-1af2-410c-ba05-e910a223ee39'),
('40c942e2-67b6-4f1b-ad66-5ef894d1aaae', 'KABEL VGA', '2021-05-03 06:38:06', '2021-05-03 06:38:06', '653ffc3b-dad7-4bd3-aef1-93997ef95a2f'),
('40d8fd55-2bc3-4f1d-a4ec-d7c42a08b56c', 'KLEM PIPA', '2021-05-03 06:52:46', '2021-05-03 06:52:46', '6c09e34f-a2eb-4ff9-a795-7c303f059d18'),
('416f8b3f-7381-4565-8c89-9ddc35fc6aa1', 'BATTERAI', '2021-05-03 06:43:38', '2021-05-03 06:43:38', '9b7bdfa6-4021-43f5-8593-d9882670e16e'),
('4172004f-ff2d-45e0-963d-c3e601a95640', 'SOUND CARD', '2021-05-03 06:42:12', '2021-05-03 06:42:12', '9cabf3a6-2950-4c95-bbc0-ccf2889bf47f'),
('420eb142-ab16-4deb-9f06-393f6faaea51', 'ISOLASI', '2021-05-03 06:35:21', '2021-05-03 06:35:21', '5ffe906e-62a1-44a0-a3b7-08fb0dabc956'),
('42132905-ea65-4bd5-b943-1d30866b5112', 'LAN CARD', '2021-05-03 06:40:35', '2021-05-03 06:40:35', '87be7fbc-7e57-4256-85bc-380da9976c35'),
('42225f31-b1cc-480e-bd6a-2b6b35f8c4e4', 'WIRELESS', '2021-05-03 06:26:36', '2021-05-03 06:26:36', 'f2280de1-f530-4adb-aa98-fa9ff17232b4'),
('46163c5b-7725-4f88-9f65-a6b0e60bfa1a', 'AMPLOP RESMI BERKOP', '2021-05-03 06:30:52', '2021-05-03 06:30:52', '1c3e0049-ff2f-49e1-9f16-24b060eb9391'),
('47660a8b-dedc-44e2-ba67-461926c7d6cc', 'BANGUNAN PERKANTORAN', '2021-05-03 06:17:16', '2021-05-03 06:17:16', '8d89a1cb-294b-4d24-8c3c-32d77894ecc2'),
('4abdcba0-ff14-4aed-b5c2-ef8b2fc9ff09', 'TINTA', '2021-05-03 06:28:22', '2021-05-03 06:28:22', '08787f25-1009-4999-938c-2f9e817be56d'),
('4d319e2f-0e54-429f-90c4-4142747fd976', 'GELAS TEH/KOPI', '2021-05-03 06:36:24', '2021-05-03 06:36:24', '38d7c116-280d-4690-a616-ffa21f626c46'),
('4e2c98f7-6a78-4031-b5c4-4dc48578c19b', 'SPIDOL', '2021-05-03 06:28:11', '2021-05-03 06:28:11', '08787f25-1009-4999-938c-2f9e817be56d'),
('4ef0a3ed-68af-44b2-9b42-136bb86c74ac', 'BANGUNAN PERPUSTAKAAN', '2021-05-03 06:18:56', '2021-05-03 06:18:56', '8d89a1cb-294b-4d24-8c3c-32d77894ecc2'),
('4fbc644e-a825-426e-97b8-99035cdd4cbe', 'TV', '2021-05-03 06:21:24', '2021-05-03 06:21:24', '487e6c2d-1b8e-4d2e-ae1c-8089da29be14'),
('502b345a-5141-45ed-89aa-1f0ff33a6e32', 'UMBUL-UMBUL', '2021-05-03 06:42:54', '2021-05-03 06:42:54', 'ca1f430a-61c5-4332-9377-4a1c7850b25a'),
('5047c970-3c07-4abd-97cd-a83a22b9d18c', 'WIFI', '2021-05-03 06:40:46', '2021-05-03 06:40:46', '87be7fbc-7e57-4256-85bc-380da9976c35'),
('514c986e-ad51-44e1-ab6b-a2285bfcf6ab', 'STANDARD/NAKED', '2021-05-03 06:30:25', '2021-05-03 06:30:25', '3a977076-bd81-427b-b864-4208b13f91aa'),
('518e43da-e7b1-4d71-8fec-a68a463404ba', 'TOOLS SIPIL', '2021-05-03 06:31:59', '2021-05-03 06:31:59', '6fef606a-1af2-410c-ba05-e910a223ee39'),
('519db2b1-8e27-4ae9-a80b-c4f76ec66913', 'SWITCH', '2021-05-03 06:40:58', '2021-05-03 06:40:58', '87be7fbc-7e57-4256-85bc-380da9976c35'),
('528cfec6-8c6f-4fe5-ba6a-b8a9bc7e9813', 'PIRING', '2021-05-03 06:37:07', '2021-05-03 06:37:07', '38d7c116-280d-4690-a616-ffa21f626c46'),
('5291c51e-4217-454e-a3a4-d5078a90e020', 'HUB/SWITCH', '2021-05-03 06:26:14', '2021-05-03 06:26:14', 'f2280de1-f530-4adb-aa98-fa9ff17232b4'),
('548f2b4b-02cd-4664-bba6-53e5b9dd6c7d', 'PERSONAL KOMPUTER', '2021-05-03 06:24:25', '2021-05-03 06:24:25', '3a9a4e5b-fb8f-4074-8f34-842c8d3fca28'),
('5744a785-cfd4-464b-8987-27d6f8bb586c', 'SPANDUK', '2021-05-03 06:42:09', '2021-05-03 06:42:09', 'ca1f430a-61c5-4332-9377-4a1c7850b25a'),
('57fac1d9-ff75-4c6a-8926-f5cdd7b4789a', 'KAIN PEMBERSIH', '2021-05-03 06:35:09', '2021-05-03 06:35:09', '94e18dbf-d173-4b1e-aa9d-a7e958e6f73a'),
('59f77dce-218f-4e71-9dae-b1f0eaf5ebb5', 'GUNTING', '2021-05-03 06:34:54', '2021-05-03 06:34:54', '5ffe906e-62a1-44a0-a3b7-08fb0dabc956'),
('5b35b6cb-b1f8-4efa-9125-9e85664d6ab5', 'PROCESSOR', '2021-05-03 06:41:55', '2021-05-03 06:41:55', '9cabf3a6-2950-4c95-bbc0-ccf2889bf47f'),
('5f3de172-7fdc-4610-a877-264fb8fd2e7e', 'ROMPI', '2021-05-03 06:38:40', '2021-05-03 06:38:40', 'b54686ba-e4a0-496a-ab36-43b37ba0c9ab'),
('6036724e-d64f-424f-b6f9-7a4f9d262d7d', 'MATERAI', '2021-05-03 06:32:56', '2021-05-03 06:32:56', '1c3e0049-ff2f-49e1-9f16-24b060eb9391'),
('60e0aa82-876e-4908-b0f0-21c70d0d522f', 'PAKU', '2021-05-03 06:48:14', '2021-05-03 06:48:14', '9a3dd5b3-d845-4160-8dce-1b7787b1c208'),
('611d57bf-9385-4c56-a4c2-f1311578e950', 'CRUISER', '2021-05-03 06:31:09', '2021-05-03 06:31:09', '3a977076-bd81-427b-b864-4208b13f91aa'),
('61f16c7a-1c34-4367-bc86-14e2eb207a18', 'SKUTER MATIK', '2021-05-03 06:30:04', '2021-05-03 06:30:04', '3a977076-bd81-427b-b864-4208b13f91aa'),
('623eb608-a907-4907-ad6b-cc50f309f431', 'MEMORI RAM', '2021-05-03 06:41:27', '2021-05-03 06:41:27', '9cabf3a6-2950-4c95-bbc0-ccf2889bf47f'),
('63bdc4ab-f0e7-4742-8856-ac5c33cae09e', 'MEJA', '2021-05-03 06:35:35', '2021-05-03 06:35:35', 'c3a544c3-9aa8-434d-b462-afd3fd66ecbf'),
('6545c9a3-3fe6-4fea-9cc5-304d753d2ea2', 'VGA CARD', '2021-05-03 06:42:03', '2021-05-03 06:42:03', '9cabf3a6-2950-4c95-bbc0-ccf2889bf47f'),
('65b04566-469d-43da-9f7d-3e319d539916', 'MESIN SEMPROT DESINFECTAN', '2021-05-03 06:29:46', '2021-05-03 06:29:46', '6fef606a-1af2-410c-ba05-e910a223ee39'),
('672b1c70-8ee2-4be1-ac49-45f645b7a62c', 'SCAFOLDING', '2021-05-03 06:31:37', '2021-05-03 06:31:37', '6fef606a-1af2-410c-ba05-e910a223ee39'),
('67676e6b-5f07-4329-8d76-245548dad443', 'PAYUNG', '2021-05-03 06:40:51', '2021-05-03 06:40:51', 'cea38df0-ac60-4f74-a43d-cf84dfc79495'),
('67e2b419-3265-4436-be5b-84eaf9a92832', 'MESIN FOGGING', '2021-05-03 06:29:16', '2021-05-03 06:29:16', '6fef606a-1af2-410c-ba05-e910a223ee39'),
('697873e0-24be-49b4-8344-f3062b987299', 'BILLBOARD', '2021-05-03 06:42:20', '2021-05-03 06:42:20', 'ca1f430a-61c5-4332-9377-4a1c7850b25a'),
('6d37b862-25ec-4314-a410-c210e19a6daf', 'BATTERAI LAPTOP', '2021-05-03 06:42:22', '2021-05-03 06:42:22', '9cabf3a6-2950-4c95-bbc0-ccf2889bf47f'),
('6d540cd9-4c4d-4cce-be73-ea820c61c8cc', 'PIPA', '2021-05-03 06:53:10', '2021-05-03 06:53:10', '6c09e34f-a2eb-4ff9-a795-7c303f059d18'),
('6d550215-5a22-462d-b836-7607ba266925', 'KABEL DATA', '2021-05-03 06:40:15', '2021-05-03 06:40:15', '87be7fbc-7e57-4256-85bc-380da9976c35'),
('6d7535be-7cef-4b7f-8093-a1aeda13639c', 'KALKULATOR', '2021-05-03 06:34:13', '2021-05-03 06:34:13', 'c6930c26-8e0e-4dca-8449-e84e95a18705'),
('6dc209c4-e3d7-49ac-96e3-a0f9e9e47073', 'MOBIL BUS MEDIUM', '2021-05-03 06:36:07', '2021-05-03 06:36:07', 'ab797862-df08-4447-b725-132e24cdff5c'),
('6e0d8cd7-4e00-4cca-bf89-40cfeb588d28', 'AREA FASILITAS TAMAN', '2021-05-03 06:27:02', '2021-05-03 06:27:02', '1a1bbe20-d25d-4ced-802f-4d378f9ced3f'),
('6eb22f62-79f9-4896-a449-063114bc0c98', 'ACCESORIES SECURITY', '2021-05-03 06:39:52', '2021-05-03 06:39:52', 'e4de2947-0177-4036-945a-d6df361f505c'),
('6ecc6736-4341-4b7d-a1c5-d6de526b8247', 'SHM NO', '2021-05-03 06:14:29', '2021-05-03 06:14:29', '22a6fa94-8f99-4fb1-ae1a-0c8bc60d9ac0'),
('6ede591d-1ed2-413e-a98a-da06cee96753', 'MOBIL BUS MIKRO', '2021-05-03 06:35:47', '2021-05-03 06:35:47', 'ab797862-df08-4447-b725-132e24cdff5c'),
('7023e8c0-6d35-419e-b7c9-ae98ef739afe', 'MEJA LABORATORIUM', '2021-05-03 06:38:02', '2021-05-03 06:38:02', 'd9d9c28c-6343-4400-ae1f-61cbab28b11d'),
('70834c82-56e5-4a83-a6f2-791e1f113e5e', 'BANGUNAN POS KEAMANAN', '2021-05-03 06:24:22', '2021-05-03 06:24:22', '1a1bbe20-d25d-4ced-802f-4d378f9ced3f'),
('70899af8-8cdb-4463-9179-0e147612cd35', 'SEPATU SECURITY', '2021-05-03 06:39:30', '2021-05-03 06:39:30', 'e4de2947-0177-4036-945a-d6df361f505c'),
('71db08de-614a-4c96-8f1e-3f5fe2f102b2', 'STEREFOAM', '2021-05-03 06:34:32', '2021-05-03 06:34:32', '94e18dbf-d173-4b1e-aa9d-a7e958e6f73a'),
('7261862c-7f1c-4c31-ad5b-d5e13a66bfba', 'DINABOL', '2021-05-03 06:47:36', '2021-05-03 06:47:36', '9a3dd5b3-d845-4160-8dce-1b7787b1c208'),
('72a26393-b4df-4202-9cff-6ba743fedc6e', 'CONVENTER', '2021-05-03 06:37:51', '2021-05-03 06:37:51', '653ffc3b-dad7-4bd3-aef1-93997ef95a2f'),
('75794422-4e5a-4f2b-b099-8ff78c87bbf0', 'KERTAS LABEL', '2021-05-03 06:29:32', '2021-05-03 06:29:32', 'ddd720db-c0fc-43fe-aff4-b17c650cfcfe'),
('757f76a7-01f3-465c-9cc5-ffec8d29f99b', 'PENGHARUM RUANGAN', '2021-05-03 06:34:03', '2021-05-03 06:34:03', '94e18dbf-d173-4b1e-aa9d-a7e958e6f73a'),
('758db7df-d1c0-4279-9cd3-be6b1dfaa42f', 'AC SPLIT', '2021-05-03 06:32:42', '2021-05-03 06:32:42', '74972728-9500-408c-b91d-4eab94e11799'),
('760b25a5-b3a2-4418-a4f2-7c1d7c44691c', 'SAPU', '2021-05-03 06:34:42', '2021-05-03 06:34:42', '94e18dbf-d173-4b1e-aa9d-a7e958e6f73a'),
('7639599a-9a38-4ec2-824a-d1c78ae033f2', 'KERTAS COVER', '2021-05-03 06:29:23', '2021-05-03 06:29:23', 'ddd720db-c0fc-43fe-aff4-b17c650cfcfe'),
('77dff7b2-72e0-49d9-9618-e3d50923f656', 'LEM KERTAS', '2021-05-03 06:35:30', '2021-05-03 06:35:30', '5ffe906e-62a1-44a0-a3b7-08fb0dabc956'),
('7a285040-0090-4765-8d94-c4d35abf5b7d', 'BOX PANEL', '2021-05-03 06:44:35', '2021-05-03 06:44:35', '9b7bdfa6-4021-43f5-8593-d9882670e16e'),
('7a9d5296-37d6-40ad-b429-5da2508a30b7', 'LAMPU LUCUTAN GAS (NEON)', '2021-05-03 06:39:40', '2021-05-03 06:39:40', '677b4941-b841-4947-9d61-cdc8c7c17741'),
('7ceb2a30-10f3-46c7-a06f-1d5076b69697', 'AC STANDING', '2021-05-03 06:33:02', '2021-05-03 06:33:02', '74972728-9500-408c-b91d-4eab94e11799'),
('7d854bb2-c383-48e7-8bb7-2c958732f321', 'CETAKAN BER KOP', '2021-05-03 06:31:19', '2021-05-03 06:31:19', '1c3e0049-ff2f-49e1-9f16-24b060eb9391'),
('7dac8691-9a43-41ba-8db3-42c2e9beda7a', 'OBENG TANG', '2021-05-03 06:44:57', '2021-05-03 06:44:57', '4ffec7fe-f1f0-4361-bcbe-e1fe5b049ff4'),
('7e3959fe-dec7-4687-9c63-3ff9dee24556', 'KAMERA', '2021-05-03 06:23:19', '2021-05-03 06:23:19', '487e6c2d-1b8e-4d2e-ae1c-8089da29be14'),
('7e6f13e4-9be8-4d3c-97bf-5f2cf6cd1f40', 'STIKER', '2021-05-03 06:41:22', '2021-05-03 06:41:22', 'cea38df0-ac60-4f74-a43d-cf84dfc79495'),
('7fc4b7ed-093e-45af-9d72-0f807d6bf0a6', 'BALAST', '2021-05-03 06:46:34', '2021-05-03 06:46:34', 'da062a3b-e983-4b7b-a28d-6e22e54174e5'),
('8028f2a9-8cec-478f-81ab-9d71a054204c', 'SOFA', '2021-05-03 06:36:03', '2021-05-03 06:36:03', 'c3a544c3-9aa8-434d-b462-afd3fd66ecbf'),
('80781610-dec2-439f-8aa9-76ed935a52d6', 'ALAT UKUR', '2021-05-03 06:51:48', '2021-05-03 06:51:48', '58c5bedb-3df4-4e65-8f0e-9366c9981b81'),
('8202f5cd-fdd6-4d69-8043-ccfee8c4c462', 'OBAT FOGGING', '2021-05-03 06:54:51', '2021-05-03 06:54:51', 'b82012be-74e6-4c65-8e91-f0d79e37821f'),
('827fea84-34d7-4111-94fc-015995b55072', 'BBM & PELUMAS', '2021-05-03 06:55:30', '2021-05-03 06:55:30', 'b82012be-74e6-4c65-8e91-f0d79e37821f'),
('83187777-c486-4a20-81b9-5a5b18c28dae', 'CONVENTER', '2021-05-03 06:26:50', '2021-05-03 06:26:50', 'f2280de1-f530-4adb-aa98-fa9ff17232b4'),
('83987ac7-48c5-472d-b7b7-04f9043dcc59', 'ROUTER', '2021-05-03 06:25:59', '2021-05-03 06:25:59', 'f2280de1-f530-4adb-aa98-fa9ff17232b4'),
('84d0ba4f-527e-434b-9b35-b056762bb0ac', 'AREA JALAN LINGKUNGAN', '2021-05-03 06:26:44', '2021-05-03 06:26:44', '1a1bbe20-d25d-4ced-802f-4d378f9ced3f'),
('84d7fa31-2ddf-4f6b-8867-ebc62eb270f2', 'LAPANGAN OLAHRAGA', '2021-05-03 06:26:06', '2021-05-03 06:26:06', '1a1bbe20-d25d-4ced-802f-4d378f9ced3f'),
('85722a2d-8d84-4fcb-b8de-cb9957e17f7f', 'TEMPAT TIDUR', '2021-05-06 06:38:24', '2021-05-06 06:38:24', 'c3a544c3-9aa8-434d-b462-afd3fd66ecbf'),
('8801d151-ab48-4e81-9ac1-bc1cd1fd4f26', 'DOUBLE TAPE', '2021-05-03 06:35:12', '2021-05-03 06:35:12', '5ffe906e-62a1-44a0-a3b7-08fb0dabc956'),
('884ee296-96f5-495e-bd91-b3e7edee475c', 'MAP POLOS', '2021-05-03 06:33:17', '2021-05-03 06:33:17', '1c3e0049-ff2f-49e1-9f16-24b060eb9391'),
('892cff6d-19ab-421d-a262-1051696bb827', 'PITA PRINTER', '2021-05-03 06:36:16', '2021-05-03 06:36:16', '12d26da0-6b30-4aae-b796-bb6cfec91ce3'),
('8bf8c039-912e-4e7a-aa14-7dc61016fe94', 'MOBIL TRUK BESAR - TERBUKA', '2021-05-03 06:47:33', '2021-05-03 06:47:33', 'f026ab38-5300-438e-9268-9ec021989c2d'),
('8dc07090-2c34-47b8-810b-abf8a586fadf', 'CCTV', '2021-05-03 06:22:49', '2021-05-05 08:31:29', 'cc923492-322b-4c26-ad18-01b39aadc3b8'),
('90c12c22-269f-4fe9-8d08-bd2fd32e9b5c', 'MAP PLASTIK', '2021-05-03 06:33:37', '2021-05-03 06:33:37', '1c3e0049-ff2f-49e1-9f16-24b060eb9391'),
('910ef547-0559-4d01-960c-4523017dab6c', 'USB PARALEL', '2021-05-03 06:39:43', '2021-05-03 06:39:43', '653ffc3b-dad7-4bd3-aef1-93997ef95a2f'),
('9124070f-9ce7-4ec0-a5b4-a7a4418a257a', ' Materai dan Prangko', '2021-05-07 05:44:40', '2021-05-07 05:44:40', '2fc08bf4-e455-4dc2-8040-be1be9cd3710'),
('93b1a8f8-a9ac-47b5-96d7-581d72774972', 'AUDIO SYSTEM', '2021-05-03 06:22:33', '2021-05-03 06:22:33', '487e6c2d-1b8e-4d2e-ae1c-8089da29be14'),
('95f5a11e-c29d-460f-a876-1fe9224dc662', 'PIN MAHASISWA', '2021-05-03 06:38:03', '2021-05-03 06:38:03', '18981200-7777-464e-9da7-c2535e549a41'),
('9725f351-09cb-4b2f-b81f-c11477186710', 'OBENG TANG', '2021-05-03 06:50:44', '2021-05-03 06:50:44', '58c5bedb-3df4-4e65-8f0e-9366c9981b81'),
('9753c7ff-ee3c-46bb-8df6-f67fa8a357ee', 'FLYER', '2021-05-03 06:43:13', '2021-05-03 06:43:13', '63e61f7a-7898-4455-a9c3-beee7971ab03'),
('97bef50f-6244-4268-b455-abe62710ea83', 'KABEL HDMI', '2021-05-03 06:38:13', '2021-05-03 06:38:13', '653ffc3b-dad7-4bd3-aef1-93997ef95a2f'),
('9807f274-a93c-47b9-ac3f-493e2e921026', 'SENDOK', '2021-05-03 06:37:16', '2021-05-03 06:37:16', '38d7c116-280d-4690-a616-ffa21f626c46'),
('98252a82-393a-4d14-8d73-1d726a86cdcf', 'MOBIL TRUK KECIL - TERBUKA', '2021-05-03 06:46:27', '2021-05-03 06:46:27', 'f026ab38-5300-438e-9268-9ec021989c2d'),
('98b717ae-78f6-4494-935f-5cac1ca8875b', 'BANGUNAN LABORATORIUM', '2021-05-03 06:17:53', '2021-05-03 06:17:53', '8d89a1cb-294b-4d24-8c3c-32d77894ecc2'),
('9abd118e-476b-474f-b91b-3068a4e16627', 'KERTAS FOTOCOPY', '2021-05-03 06:28:55', '2021-05-03 06:28:55', 'ddd720db-c0fc-43fe-aff4-b17c650cfcfe'),
('9bac65d1-e98e-458a-89a7-b14a319c0959', 'PEMBOLONG KERTAS', '2021-05-03 06:30:27', '2021-05-03 06:30:27', '22ea31b8-9b70-49be-9f0c-4bf0f476f4f6'),
('9df2b849-2d8e-4199-a814-ce69aa7107e3', 'BINDER & BOX', '2021-05-03 06:30:02', '2021-05-03 06:30:02', '22ea31b8-9b70-49be-9f0c-4bf0f476f4f6'),
('9f42e1bf-5931-4833-95c1-c6b1bb8fbfe8', 'PAPAN TULIS', '2021-05-03 06:38:18', '2021-05-03 06:38:18', 'd9d9c28c-6343-4400-ae1f-61cbab28b11d'),
('a29acfd3-1504-40b8-9b70-af6263183693', 'MOBIL TRUK SEDANG - TERBUKA', '2021-05-03 06:46:57', '2021-05-03 06:46:57', 'f026ab38-5300-438e-9268-9ec021989c2d'),
('a2ba792b-1b1f-44db-b8a9-7cb2f30d1387', 'KURSI KULIAH', '2021-05-03 06:37:08', '2021-05-03 06:37:08', 'd9d9c28c-6343-4400-ae1f-61cbab28b11d'),
('a4de695f-2741-48e8-87ad-31be44861205', 'BAJU BATIK', '2021-05-03 06:38:29', '2021-05-03 06:38:29', 'b54686ba-e4a0-496a-ab36-43b37ba0c9ab'),
('a62fe8e7-781c-47d6-80ec-a00133c7fd4b', 'LAMPU LED', '2021-05-03 06:39:58', '2021-05-03 06:39:58', '677b4941-b841-4947-9d61-cdc8c7c17741'),
('a6f8520d-0013-409d-b2ba-4db1a1611c8b', 'ELKO', '2021-05-03 06:47:03', '2021-05-03 06:47:03', 'da062a3b-e983-4b7b-a28d-6e22e54174e5'),
('a8b5426d-5e97-4bd7-baa6-23e54a1c30fc', 'GERGAJI', '2021-05-03 06:50:07', '2021-05-03 06:50:07', '58c5bedb-3df4-4e65-8f0e-9366c9981b81'),
('ac728f4a-f8c6-4c3d-ae8d-34e36c6f990a', 'BANGUNAN GUDANG', '2021-05-03 06:25:53', '2021-05-03 06:25:53', '1a1bbe20-d25d-4ced-802f-4d378f9ced3f'),
('ac732fec-82c2-4f55-af46-c17055a0ffe5', 'MOBIL SPORT', '2021-05-03 06:34:42', '2021-05-03 06:34:42', 'dbc2d552-c631-42d5-974b-b23204c7cdba'),
('ad1b578a-ff08-4750-9900-f2b92c1ebaa7', 'MOBIL UTILITAS SPORT - SUV', '2021-05-03 06:33:40', '2021-05-07 05:31:26', 'dbc2d552-c631-42d5-974b-b23204c7cdba'),
('aefb6871-7741-4bd4-88f0-7dc0b1b4c9fc', 'BANGUNAN PERKULIAHAN', '2021-05-03 06:17:34', '2021-05-03 06:17:34', '8d89a1cb-294b-4d24-8c3c-32d77894ecc2'),
('af11b6ca-2d26-4ca4-8d63-40b946026908', 'BALLPOINT WARNA', '2021-05-03 06:28:33', '2021-05-03 06:28:33', '08787f25-1009-4999-938c-2f9e817be56d'),
('af8265de-d6bd-42fe-bd12-2c25b2d72d4e', 'SUKU CADANG', '2021-05-03 06:25:49', '2021-05-03 06:25:49', '3a9a4e5b-fb8f-4074-8f34-842c8d3fca28'),
('b02330e1-9032-4ba2-802f-12cb041ee659', 'SENTER LAMPU', '2021-05-03 06:34:22', '2021-05-03 06:34:22', 'c6930c26-8e0e-4dca-8449-e84e95a18705'),
('b055c84d-fb19-4a53-a67f-d5b73ed0ac1d', 'AREA PARKIR', '2021-05-03 06:26:20', '2021-05-03 06:26:20', '1a1bbe20-d25d-4ced-802f-4d378f9ced3f'),
('b1289160-7b7a-40c3-b54f-15cfc8270604', 'MATA BOR', '2021-05-03 06:48:37', '2021-05-03 06:48:37', '9a3dd5b3-d845-4160-8dce-1b7787b1c208'),
('b12d0a7e-81a2-4c3a-9858-fb5aecfe538d', 'LAKBAN', '2021-05-03 06:35:04', '2021-05-03 06:35:04', '5ffe906e-62a1-44a0-a3b7-08fb0dabc956'),
('b13a34ed-086d-4c95-b3d8-81bb1fc6c556', 'MOBIL HATCHBACK', '2021-05-03 06:34:27', '2021-05-03 06:34:27', 'dbc2d552-c631-42d5-974b-b23204c7cdba'),
('b21f811a-a1cf-4782-80d5-6b2251a433ec', 'CARDTRIDGE', '2021-05-03 06:35:43', '2021-05-03 06:35:43', '12d26da0-6b30-4aae-b796-bb6cfec91ce3'),
('b24ca4b7-6c5a-47f6-9202-e0527f04b4f2', 'KEYBOARD', '2021-05-03 06:37:44', '2021-05-03 06:37:44', '653ffc3b-dad7-4bd3-aef1-93997ef95a2f'),
('b352d1c7-32cd-47ff-a87a-3cc53330a628', 'TOOLS LAINNYA', '2021-05-03 06:52:03', '2021-05-03 06:52:03', '58c5bedb-3df4-4e65-8f0e-9366c9981b81'),
('b37adb9f-e71b-476d-a0bd-b536c054accd', 'FISHER', '2021-05-03 06:47:57', '2021-05-03 06:47:57', '9a3dd5b3-d845-4160-8dce-1b7787b1c208'),
('b457c84d-5905-48ac-9fa8-110fc1c59be1', 'LAYAR PROYEKTOR', '2021-05-03 06:22:13', '2021-05-03 06:22:13', '487e6c2d-1b8e-4d2e-ae1c-8089da29be14'),
('b65301ca-9925-404b-a393-abf353acea6a', 'BANNER', '2021-05-03 06:41:58', '2021-05-03 06:41:58', 'ca1f430a-61c5-4332-9377-4a1c7850b25a'),
('b6b7bbfa-0601-4011-bdee-19cc4c65fb63', 'DISINFECTAN', '2021-05-03 06:54:34', '2021-05-03 06:54:34', 'b82012be-74e6-4c65-8e91-f0d79e37821f'),
('b7f2d35b-f00c-4e35-adf2-d15bbd220ffc', 'PABX', '2021-05-03 06:27:12', '2021-05-03 06:27:12', 'f2280de1-f530-4adb-aa98-fa9ff17232b4'),
('b8aa4591-c1a8-4d65-a15f-7a51a3aa2985', 'SERVER', '2021-05-03 06:24:36', '2021-05-03 06:24:36', '3a9a4e5b-fb8f-4074-8f34-842c8d3fca28'),
('b962230e-c41f-4f51-bf11-e66f440cc6eb', 'MESIN LAINNYA', '2021-05-03 06:21:06', '2021-05-03 06:21:06', 'cc923492-322b-4c26-ad18-01b39aadc3b8'),
('b970322d-9b87-4675-a7ef-65b801b78022', 'DRONE', '2021-05-03 06:23:39', '2021-05-03 06:23:39', '487e6c2d-1b8e-4d2e-ae1c-8089da29be14'),
('ba261870-f84e-4c2e-87a5-3e00f0d50eaf', 'SCANNER', '2021-05-03 06:25:34', '2021-05-03 06:25:34', '3a9a4e5b-fb8f-4074-8f34-842c8d3fca28'),
('ba9b3650-3ba4-4448-9036-c3d13bf31898', 'MESIN GENSET', '2021-05-03 06:20:03', '2021-05-03 06:20:03', 'cc923492-322b-4c26-ad18-01b39aadc3b8'),
('bcd53a42-a617-4361-b966-82534cca88bb', 'KURSI', '2021-05-03 06:35:49', '2021-05-03 06:35:49', 'c3a544c3-9aa8-434d-b462-afd3fd66ecbf'),
('bd02eadd-b512-47e1-b1bb-c85b28f92a71', 'ENGSEL', '2021-05-03 06:49:14', '2021-05-03 06:49:14', '9a3dd5b3-d845-4160-8dce-1b7787b1c208'),
('bd807a0f-3b10-4bde-bbfb-aa1a17434ff0', 'CAT', '2021-05-03 06:54:17', '2021-05-03 06:54:17', 'b82012be-74e6-4c65-8e91-f0d79e37821f'),
('be620104-cb4c-4c79-a947-29d84a3402a1', 'STOP KONTAK', '2021-05-03 06:42:10', '2021-05-03 06:42:10', '9b7bdfa6-4021-43f5-8593-d9882670e16e'),
('c02416c8-c2d8-4161-8137-c1ebeeb255e1', 'BRANKAS', '2021-05-03 06:36:32', '2021-05-03 06:36:32', 'c3a544c3-9aa8-434d-b462-afd3fd66ecbf'),
('c11a7c29-f449-47a3-80e4-b648ca11e766', 'MANGKUK', '2021-05-03 06:36:36', '2021-05-03 06:36:36', '38d7c116-280d-4690-a616-ffa21f626c46'),
('c1b6fdf4-dce0-4f20-843a-91d63f54d6ae', 'BUKU TULIS', '2021-05-03 06:27:38', '2021-05-03 06:27:38', '08787f25-1009-4999-938c-2f9e817be56d'),
('c353d429-924e-440d-8e2d-cba4f76efe75', 'DISPENSER', '2021-05-03 06:23:52', '2021-05-03 06:23:52', '487e6c2d-1b8e-4d2e-ae1c-8089da29be14'),
('c365d860-af02-40cf-ae5f-709055a957af', 'KERTAS STIKER', '2021-05-03 06:29:43', '2021-05-03 06:29:43', 'ddd720db-c0fc-43fe-aff4-b17c650cfcfe'),
('c3ed3436-52af-4c76-88ef-a731b77ebc30', 'TRANSPORMATOR', '2021-05-03 06:43:18', '2021-05-03 06:43:18', '9b7bdfa6-4021-43f5-8593-d9882670e16e'),
('c714a1ca-6e54-49ac-865b-b29703a52eb7', 'BANGUNAN UNIT USAHA', '2021-05-03 06:22:30', '2021-05-03 06:22:30', '1a1bbe20-d25d-4ced-802f-4d378f9ced3f'),
('c741d720-8ad5-427e-af31-35b2e48efd0f', 'MESIN CETAKAN', '2021-05-03 06:20:48', '2021-05-03 06:20:48', 'cc923492-322b-4c26-ad18-01b39aadc3b8'),
('c7fff74d-fcf9-47bc-add6-fb2c00f14b68', 'MATROS', '2021-05-03 06:38:15', '2021-05-03 06:38:15', '18981200-7777-464e-9da7-c2535e549a41'),
('c811b68b-7101-42fc-bf26-2c183ef60659', 'TINTA', '2021-05-03 06:36:08', '2021-05-03 06:36:08', '12d26da0-6b30-4aae-b796-bb6cfec91ce3'),
('ca6ccb01-7873-4a93-baa8-5dd0d6493167', 'MOBIL MULTI GUNA - MPV', '2021-05-03 06:33:00', '2021-05-03 06:33:00', 'dbc2d552-c631-42d5-974b-b23204c7cdba'),
('cb1fc7fe-919d-43a9-b1bc-347967edf31c', 'TEST PEN', '2021-05-03 06:45:38', '2021-05-03 06:45:38', '4ffec7fe-f1f0-4361-bcbe-e1fe5b049ff4'),
('ce281fee-8475-43c8-baee-739904dd1399', 'WALKY TALKY', '2021-05-03 06:27:45', '2021-05-03 06:27:45', 'f2280de1-f530-4adb-aa98-fa9ff17232b4'),
('ce35724c-0a9f-4218-b5cb-38711db5169e', 'CAIRAN PEMBERSIH', '2021-05-03 06:33:08', '2021-05-03 06:33:08', '94e18dbf-d173-4b1e-aa9d-a7e958e6f73a'),
('cf143758-fc11-4f4b-afef-b62846d78b66', 'KAPASITOR', '2021-05-03 06:46:06', '2021-05-03 06:46:06', 'da062a3b-e983-4b7b-a28d-6e22e54174e5'),
('d0aa7fda-6411-45d8-b603-79dfef5548eb', 'SKUN KABEL', '2021-05-03 06:42:29', '2021-05-03 06:42:29', '9b7bdfa6-4021-43f5-8593-d9882670e16e'),
('d34eb9b0-6938-4c36-9107-76e103a7e583', 'MEJA KULIAH', '2021-05-03 06:37:37', '2021-05-03 06:37:37', 'd9d9c28c-6343-4400-ae1f-61cbab28b11d'),
('d5390852-96ed-419f-a86e-bc183c04ab37', 'KEY TELEPHONE', '2021-05-03 06:27:27', '2021-05-05 08:06:35', 'f2280de1-f530-4adb-aa98-fa9ff17232b4'),
('d5daa8d5-ff37-4600-a973-bb7348654f1d', 'ADAPTOR', '2021-05-03 06:38:20', '2021-05-03 06:38:20', '653ffc3b-dad7-4bd3-aef1-93997ef95a2f'),
('d870c9ea-e051-44d6-a7e4-e8e823cfb99e', 'BALLPOINT GEL', '2021-05-03 06:28:42', '2021-05-03 06:28:42', '08787f25-1009-4999-938c-2f9e817be56d'),
('da2ebe17-9e9f-454c-a50d-ed18ec96937f', 'MESIN POTONG KAYU', '2021-05-03 06:28:36', '2021-05-03 06:28:36', '6fef606a-1af2-410c-ba05-e910a223ee39'),
('db7fe89a-d6be-46ff-80b1-e4a2de07787d', 'PRANGKO', '2021-05-03 06:33:07', '2021-05-03 06:33:07', '1c3e0049-ff2f-49e1-9f16-24b060eb9391'),
('decac0b3-9c34-42b7-8e98-a043ce6f6a5c', 'GANTUNGAN KUNCI', '2021-05-03 06:40:05', '2021-05-03 06:40:05', 'cea38df0-ac60-4f74-a43d-cf84dfc79495'),
('df052b83-6185-45da-a6d0-01f781411704', 'KIPAS ANGIN', '2021-05-03 06:33:28', '2021-05-03 06:33:28', '74972728-9500-408c-b91d-4eab94e11799'),
('e1bcaf4e-68db-4e2d-a67c-22910b8f335c', 'KERTAS CONTINUES FORM', '2021-05-03 06:29:05', '2021-05-03 06:29:05', 'ddd720db-c0fc-43fe-aff4-b17c650cfcfe'),
('e251b9fd-9157-4b3a-aabf-3012d74a3ec9', 'SARUNG TANGAN', '2021-05-03 06:34:54', '2021-05-03 06:34:54', '94e18dbf-d173-4b1e-aa9d-a7e958e6f73a'),
('e3018630-2738-44b1-9c38-9336786c076d', 'CONNECTOR RJ-45', '2021-05-03 06:39:56', '2021-05-03 06:39:56', '87be7fbc-7e57-4256-85bc-380da9976c35'),
('e3696645-1d1e-4659-8bad-b87698c935ac', 'KUNCI', '2021-05-03 06:49:32', '2021-05-03 06:49:32', '9a3dd5b3-d845-4160-8dce-1b7787b1c208'),
('e50f02e1-c34c-45d7-b774-36509c11e976', 'SAKLAR LISTRIK', '2021-05-03 06:41:21', '2021-05-03 06:41:21', '9b7bdfa6-4021-43f5-8593-d9882670e16e'),
('e7cd963f-4c7e-418e-b507-3ecbb6562500', 'TRAIL/OFF-ROAD', '2021-05-03 06:30:53', '2021-05-03 06:30:53', '3a977076-bd81-427b-b864-4208b13f91aa'),
('ea4c6d1d-1179-4cb6-a0f6-b47c8fc68e82', 'MOBIL BUS BESAR', '2021-05-03 06:43:26', '2021-05-03 06:43:26', 'ab797862-df08-4447-b725-132e24cdff5c'),
('eac1ecb5-90e7-4d33-b89a-dc5dd60fc719', 'MOTHERBOARD', '2021-05-03 06:41:35', '2021-05-03 06:41:35', '9cabf3a6-2950-4c95-bbc0-ccf2889bf47f'),
('ebd5fe98-a539-4eec-a3eb-e5eef9b791b7', 'PROYEKTOR', '2021-05-03 06:21:52', '2021-05-03 06:21:52', '487e6c2d-1b8e-4d2e-ae1c-8089da29be14'),
('ed55e5da-19fa-4903-b7a3-7480104e6516', 'MOBIL TRUK SEDANG - BOX', '2021-05-03 06:47:12', '2021-05-03 06:47:12', 'f026ab38-5300-438e-9268-9ec021989c2d'),
('ef1604ad-b411-4843-9024-6c3702b57b8c', 'KRAN', '2021-05-03 06:54:00', '2021-05-03 06:54:00', '6c09e34f-a2eb-4ff9-a795-7c303f059d18'),
('f025ecf6-d4cc-46ef-8687-6008b4736276', 'MOBIL TRUK BESAR - BOX', '2021-05-03 06:47:47', '2021-05-03 06:47:47', 'f026ab38-5300-438e-9268-9ec021989c2d'),
('f236b11c-1005-4d29-a6b2-80f07cdaa424', 'FAN ', '2021-05-03 06:38:38', '2021-05-03 06:38:38', '653ffc3b-dad7-4bd3-aef1-93997ef95a2f'),
('f25e1b6a-3907-48aa-9a77-f35104115744', 'TONER', '2021-05-03 06:35:57', '2021-05-03 06:35:57', '12d26da0-6b30-4aae-b796-bb6cfec91ce3'),
('f2e07878-b15e-4a88-a8d6-85c29b75aba5', 'SPORT', '2021-05-03 06:30:39', '2021-05-03 06:30:39', '3a977076-bd81-427b-b864-4208b13f91aa'),
('f449a414-4c54-4b45-8728-37c094b9bee8', 'MESIN POTONG RUMPUT', '2021-05-03 06:28:17', '2021-05-03 06:28:17', '6fef606a-1af2-410c-ba05-e910a223ee39'),
('f496ed00-dc66-4d74-ac65-5324895e8f95', 'JAKET ALMAMATER', '2021-05-03 06:37:26', '2021-05-03 06:37:40', '18981200-7777-464e-9da7-c2535e549a41'),
('f4ddf0df-159a-42da-a889-ffb124e711a9', 'KERTAS FOTO & JILID', '2021-05-03 06:29:14', '2021-05-03 06:29:14', 'ddd720db-c0fc-43fe-aff4-b17c650cfcfe'),
('f644d314-4e23-42b6-a9e1-3f57f4d6f3f2', 'BANGUNAN IBADAH', '2021-05-03 06:19:44', '2021-05-03 06:19:44', '1a1bbe20-d25d-4ced-802f-4d378f9ced3f'),
('f69acfa0-5626-4231-92b4-7393ff1aa167', 'SAMBUNGAN', '2021-05-03 06:53:40', '2021-05-03 06:53:40', '6c09e34f-a2eb-4ff9-a795-7c303f059d18'),
('f92c3be4-7130-4e52-857f-df6386308029', 'POWER SUPPLY', '2021-05-03 06:41:43', '2021-05-07 04:30:05', '9cabf3a6-2950-4c95-bbc0-ccf2889bf47f'),
('fd3c9902-316e-44a5-90f4-aad539e13b70', 'MUG', '2021-05-03 06:40:27', '2021-05-03 06:40:27', 'cea38df0-ac60-4f74-a43d-cf84dfc79495'),
('fe048367-b4d2-4f09-8e95-45df06a9ea74', 'STEMPEL', '2021-05-03 06:32:47', '2021-05-03 06:32:47', '1c3e0049-ff2f-49e1-9f16-24b060eb9391'),
('fe301949-3a31-4460-a666-513527d9d54b', 'CUTTER', '2021-05-03 06:34:46', '2021-05-03 06:34:46', '5ffe906e-62a1-44a0-a3b7-08fb0dabc956'),
('feffbaa4-0011-4c7d-91fc-d442e410ca50', 'FLASH DISK', '2021-05-03 06:36:38', '2021-05-03 06:36:38', '653ffc3b-dad7-4bd3-aef1-93997ef95a2f'),
('ff1d2eae-3b5c-4ecf-957c-9b40fc164f39', 'AMPLOP BIASA', '2021-05-03 06:31:02', '2021-05-03 06:31:02', '1c3e0049-ff2f-49e1-9f16-24b060eb9391');

--
-- Triggers `barang`
--
DELIMITER $$
CREATE TRIGGER `before_insert_barang` BEFORE INSERT ON `barang` FOR EACH ROW SET new.id = uuid()
$$
DELIMITER ;

-- --------------------------------------------------------

--
-- Table structure for table `department`
--

CREATE TABLE `department` (
  `nameShort` varchar(50) NOT NULL,
  `nameLong` varchar(255) NOT NULL,
  `level` varchar(15) DEFAULT '0'
) ENGINE=InnoDB DEFAULT CHARSET=utf8mb4;

-- --------------------------------------------------------

--
-- Table structure for table `gedung`
--

CREATE TABLE `gedung` (
  `id` varchar(50) NOT NULL,
  `namaGedung` varchar(255) NOT NULL,
  `thnPembangunan` varchar(4) NOT NULL,
  `luasGedung` varchar(10) NOT NULL,
  `alamatGedung` longtext NOT NULL,
  `jmlLantai` varchar(10) NOT NULL,
  `jmlRuangan` varchar(10) NOT NULL,
  `createdAt` timestamp NOT NULL DEFAULT current_timestamp(),
  `updatedAt` timestamp NOT NULL DEFAULT current_timestamp()
) ENGINE=InnoDB DEFAULT CHARSET=utf8mb4;

--
-- Dumping data for table `gedung`
--

INSERT INTO `gedung` (`id`, `namaGedung`, `thnPembangunan`, `luasGedung`, `alamatGedung`, `jmlLantai`, `jmlRuangan`, `createdAt`, `updatedAt`) VALUES
('08654095-a36d-4dac-913c-6cd6a56e57fa', 'Gedung G atau Gedung Abdul Karim', '0', '0', '0', '0', '0', '2021-05-10 08:30:22', '2021-05-10 08:30:22'),
('08aa4603-5a37-4e06-8d8f-35b95ebe1264', 'POS SATPAM', '0', '0', '0', '0', '0', '2021-05-14 18:11:15', '2021-05-14 18:11:15'),
('1d4c6fd7-4b5b-4aa0-a888-3fdea62bc453', 'Gedung DSC', '0', '0', '0', '0', '0', '2021-05-14 18:06:56', '2021-05-14 18:06:56'),
('1fa8135c-4785-472c-910d-d3a4362c1ebd', 'Gedung D. Gedung Siti Khadijah', '0', '0', '0', '0', '0', '2021-05-10 09:00:52', '2021-05-10 09:00:52'),
('3b54e470-c372-47a4-ad78-8636d7d1b921', 'Gedung C. Gedung Al A\'raf', '0', '0', '-', '0', '0', '2021-05-10 08:19:40', '2021-05-10 08:19:40'),
('414e5022-284f-4ed6-bd01-77148c5b9379', 'Masjid Baitul Ilmi', '0', '0', '0', '0', '0', '2021-05-14 17:48:28', '2021-05-14 17:48:28'),
('56463585-2599-4377-903f-83078b943b99', 'Gedung E atau Gedung Maryam', '0', '0', '-', '0', '0', '2021-05-10 08:27:21', '2021-05-10 08:27:21'),
('5754c0c9-59cf-43b2-b013-eb2635eab36d', 'Bank BJB', '0', '0', '0', '0', '0', '2021-05-14 18:09:25', '2021-05-14 18:09:25'),
('650505d3-832e-4a69-a558-aeeba3fc28a0', 'DJ SHOP', '0', '0', '0', '0', '0', '2021-05-14 18:09:55', '2021-05-14 18:09:55'),
('6804bb9a-af96-4789-8f0c-ffbb98d8d147', 'Lapangan', '0', '0', '0', '0', '0', '2021-05-14 18:12:04', '2021-05-14 18:12:04'),
('6af97e0f-6366-48ee-bf2f-897f0cd5c59d', 'Gedung B atau Gedung dr. Yoenidar Karim Alfian', '0', '0', '-', '0', '0', '2021-05-10 08:14:35', '2021-05-10 08:14:35'),
('88c295f3-219b-4ff3-b69b-aa04a6855566', 'Gedung Genset', '0', '0', '0', '0', '0', '2021-05-14 18:08:49', '2021-05-14 18:08:49'),
('9ff8bc81-70da-4263-a91d-d659e902200f', 'Gudang 1', '0', '0', '0', '0', '0', '2021-05-14 18:10:59', '2021-05-14 18:10:59'),
('ad3d4fae-f2b7-49d3-b37c-f503020ebd83', 'WC Diluar Gedung', '0', '0', '0', '0', '0', '2021-05-14 18:11:42', '2021-05-14 18:11:42'),
('d15c05f2-bd33-475d-8a70-cc85b0f69d5e', 'Gedung F. Gedung Raden Saleh ', '0', '0', '-', '0', '0', '2021-05-10 08:42:57', '2021-05-10 08:42:57'),
('d2ffba49-f1b2-46c6-96a3-990c8609866b', 'Gedung A atau Gedung Alfian Husin , SH ', '1999', '0', '-', '3', '0', '2021-05-04 07:48:40', '2021-05-04 07:48:40'),
('df3865c8-8ca1-47fb-9e4d-e48bee1b2dec', 'ATM', '0', '0', '0', '0', '0', '2021-05-14 18:12:21', '2021-05-14 18:12:21'),
('ec4b90a9-318a-470a-9586-96d4b33cb7fb', 'WAKAF U-MART', '0', '0', '0', '0', '0', '2021-05-14 18:10:24', '2021-05-14 18:10:24'),
('fc1e399e-f913-4fbd-a571-732f803d76b3', 'Gedung UKM', '0', '0', '0', '0', '0', '2021-05-14 18:05:51', '2021-05-14 18:05:51'),
('fe8670ae-310a-4e63-a120-20caaa54ce62', 'Gedung Parkir', '0', '0', '0', '0', '0', '2021-05-14 18:07:24', '2021-05-14 18:07:24');

--
-- Triggers `gedung`
--
DELIMITER $$
CREATE TRIGGER `before_insert_gedung` BEFORE INSERT ON `gedung` FOR EACH ROW SET new.id = uuid()
$$
DELIMITER ;

-- --------------------------------------------------------

--
-- Table structure for table `golongan`
--

CREATE TABLE `golongan` (
  `id` varchar(50) NOT NULL,
  `namaGolongan` varchar(255) NOT NULL,
  `createdAt` timestamp NOT NULL DEFAULT current_timestamp(),
  `updatedAt` timestamp NOT NULL DEFAULT current_timestamp()
) ENGINE=InnoDB DEFAULT CHARSET=utf8mb4;

--
-- Dumping data for table `golongan`
--

INSERT INTO `golongan` (`id`, `namaGolongan`, `createdAt`, `updatedAt`) VALUES
('0a1aa890-70eb-4fd7-a14b-287ca74f8b1e', 'Non-Aset', '2021-05-03 05:27:49', '2021-05-03 05:27:49'),
('894f82f2-b02a-4b45-858e-5c7d7ff104ca', 'Aset', '2021-05-03 05:27:43', '2021-05-03 05:27:43');

--
-- Triggers `golongan`
--
DELIMITER $$
CREATE TRIGGER `before_insert_golongan` BEFORE INSERT ON `golongan` FOR EACH ROW SET new.id = uuid()
$$
DELIMITER ;

-- --------------------------------------------------------

--
-- Table structure for table `history`
--

CREATE TABLE `history` (
  `history_id` varchar(50) NOT NULL,
  `user_id` varchar(50) NOT NULL,
  `type` enum('Insert','Update','Delete') NOT NULL,
  `query` longtext NOT NULL,
  `log_date` int(11) NOT NULL
) ENGINE=InnoDB DEFAULT CHARSET=utf8mb4;

--
-- Dumping data for table `history`
--

INSERT INTO `history` (`history_id`, `user_id`, `type`, `query`, `log_date`) VALUES
('2cf0e156-d013-11eb-88a4-98eecbc8242d', '181db855-d013-11eb-88a4-98eecbc8242d', 'Insert', 'Menambahkan data Kelompok dengan nilai NamaKelompok = Kategori Aset, KodeGol = e2efaa27-d012-11eb-88a4-98eecbc8242d dan termasuk ke dalam golongan dengan NamaGolongan = Aset', 0),
('3127f05b-d013-11eb-88a4-98eecbc8242d', '181db855-d013-11eb-88a4-98eecbc8242d', 'Update', 'Mengubah data Kelompok dengan nilai NamaKelompok = Kategori Aset ke Kategori  dan termasuk ke dalam golongan dengan NamaGolongan = Aset', 0),
('32fd7ea3-d013-11eb-88a4-98eecbc8242d', '181db855-d013-11eb-88a4-98eecbc8242d', 'Delete', 'Mengahapus data Kelompok dengan nilai Id = 2cf07b3c-d013-11eb-88a4-98eecbc8242d, NamaKelompok = Kategori , KodeGol = e2efaa27-d012-11eb-88a4-98eecbc8242d', 0);

--
-- Triggers `history`
--
DELIMITER $$
CREATE TRIGGER `before_insert_history` BEFORE INSERT ON `history` FOR EACH ROW SET new.history_id = uuid()
$$
DELIMITER ;

-- --------------------------------------------------------

--
-- Table structure for table `kartu_garansi`
--

CREATE TABLE `kartu_garansi` (
  `noKartuGaransi` varchar(255) NOT NULL,
  `noInventaris` varchar(255) NOT NULL,
  `jenisGaransi` varchar(255) NOT NULL,
  `masaGaransi` varchar(255) NOT NULL,
  `createdAt` timestamp NOT NULL DEFAULT current_timestamp(),
  `updatedAt` timestamp NOT NULL DEFAULT current_timestamp()
) ENGINE=InnoDB DEFAULT CHARSET=utf8mb4;

-- --------------------------------------------------------

--
-- Table structure for table `kartu_stok_aset`
--

CREATE TABLE `kartu_stok_aset` (
  `noInventaris` varchar(255) NOT NULL,
  `hargaPerolehan` varchar(255) NOT NULL,
  `masaManfaat` varchar(255) NOT NULL,
  `supplier` varchar(255) NOT NULL,
  `createdAt` timestamp NOT NULL DEFAULT current_timestamp(),
  `updatedAt` timestamp NOT NULL DEFAULT current_timestamp(),
  `pengguna` varchar(255) DEFAULT NULL,
  `isShow` tinyint(4) DEFAULT NULL,
  `noPo` varchar(255) DEFAULT NULL,
  `statusPerolehan` enum('Beli','Hibah') DEFAULT NULL,
  `lokasi` longtext DEFAULT NULL,
  `kondisi` enum('Baik','Buruk','Rusak') DEFAULT NULL,
  `isWaranty` tinyint(4) DEFAULT NULL,
  `productId` varchar(50) NOT NULL,
  `kodeRuang` varchar(50) NOT NULL,
  `status` varchar(50) DEFAULT NULL
) ENGINE=InnoDB DEFAULT CHARSET=utf8mb4;

-- --------------------------------------------------------

--
-- Table structure for table `kartu_stok_non_aset`
--

CREATE TABLE `kartu_stok_non_aset` (
  `id` varchar(50) NOT NULL,
  `lokasiGudang` longtext NOT NULL,
  `lokasiRak` longtext NOT NULL,
  `satuan` longtext NOT NULL,
  `jumlahStok` int(11) NOT NULL,
  `hargaRerata` varchar(255) NOT NULL,
  `saldoMin` varchar(255) NOT NULL,
  `createdAt` timestamp NOT NULL DEFAULT current_timestamp(),
  `updatedAt` timestamp NOT NULL DEFAULT current_timestamp(),
  `productId` varchar(50) NOT NULL
) ENGINE=InnoDB DEFAULT CHARSET=utf8mb4;

--
-- Triggers `kartu_stok_non_aset`
--
DELIMITER $$
CREATE TRIGGER `before_insert_kartu_stok_non_aset` BEFORE INSERT ON `kartu_stok_non_aset` FOR EACH ROW SET new.id = uuid()
$$
DELIMITER ;

-- --------------------------------------------------------

--
-- Table structure for table `kelompok`
--

CREATE TABLE `kelompok` (
  `id` varchar(50) NOT NULL,
  `namaKelompok` varchar(255) NOT NULL,
  `createdAt` timestamp NOT NULL DEFAULT current_timestamp(),
  `updatedAt` timestamp NOT NULL DEFAULT current_timestamp(),
  `kodeGol` varchar(50) NOT NULL
) ENGINE=InnoDB DEFAULT CHARSET=utf8mb4;

--
-- Dumping data for table `kelompok`
--

INSERT INTO `kelompok` (`id`, `namaKelompok`, `createdAt`, `updatedAt`, `kodeGol`) VALUES
('0219a882-767a-4ba0-8a56-e7fdab2e8e94', 'PERALATAN (EQUIPMENT)', '2021-05-03 06:15:53', '2021-05-03 06:15:53', '894f82f2-b02a-4b45-858e-5c7d7ff104ca'),
('15e42e06-dc9c-475b-b968-afab58b3e5cd', 'PERLENGKAPAN RUMAH TANGGA', '2021-05-03 06:28:46', '2021-05-03 06:28:46', '0a1aa890-70eb-4fd7-a14b-287ca74f8b1e'),
('22a22cd9-3d82-4506-927b-1ee792f6ede1', 'FURNITURE', '2021-05-03 06:33:58', '2021-05-03 06:33:58', '894f82f2-b02a-4b45-858e-5c7d7ff104ca'),
('32a976af-ec26-4232-b645-1c8b612d8fd8', 'TANAH', '2021-05-03 06:12:33', '2021-05-03 06:12:33', '894f82f2-b02a-4b45-858e-5c7d7ff104ca'),
('3628e071-026c-43bb-ad93-8d9db45aab2c', 'KENDARAAN', '2021-05-03 06:29:07', '2021-05-03 06:29:07', '894f82f2-b02a-4b45-858e-5c7d7ff104ca'),
('546167bc-0c48-4bd8-be8e-30b0dcc5154e', 'ALAT TULIS KANTOR (ATK)', '2021-05-03 06:23:34', '2021-05-03 06:23:34', '0a1aa890-70eb-4fd7-a14b-287ca74f8b1e'),
('82fd79f7-038d-4a3b-bfcd-6b79bc6f0139', 'PERLENGKAPAN SIPIL', '2021-05-03 06:31:32', '2021-05-03 06:31:32', '0a1aa890-70eb-4fd7-a14b-287ca74f8b1e'),
('b5cca675-fbe3-4b04-954d-30f13c33e4fc', 'PERLENGKAPAN LISTRIK', '2021-05-03 06:31:01', '2021-05-03 06:31:01', '0a1aa890-70eb-4fd7-a14b-287ca74f8b1e'),
('c4b0b251-4c9e-47c1-9a95-86483c6dd408', 'PERLENGKAPAN MEDIA PROMOSI', '2021-05-03 06:29:25', '2021-05-03 06:29:25', '0a1aa890-70eb-4fd7-a14b-287ca74f8b1e'),
('d62eb448-cbcb-4422-bb9e-09527de04ea7', 'BANGUNAN', '2021-05-03 06:14:55', '2021-05-03 06:14:55', '894f82f2-b02a-4b45-858e-5c7d7ff104ca'),
('e2385f5e-8d3e-4d6d-aa28-7a3f9ebe168f', 'PERLENGKAPAN SERAGAM', '2021-05-03 06:29:11', '2021-05-03 06:29:11', '0a1aa890-70eb-4fd7-a14b-287ca74f8b1e'),
('e833be45-a3a4-44ff-a0c1-ff9b4b42195d', 'PERLENGKAPAN KOMPUTER', '2021-05-03 06:23:47', '2021-05-03 06:23:47', '0a1aa890-70eb-4fd7-a14b-287ca74f8b1e');

--
-- Triggers `kelompok`
--
DELIMITER $$
CREATE TRIGGER `before_insert_kelompok` BEFORE INSERT ON `kelompok` FOR EACH ROW SET new.id = uuid()
$$
DELIMITER ;

-- --------------------------------------------------------

--
-- Table structure for table `ksa_kendaraan`
--

CREATE TABLE `ksa_kendaraan` (
  `id` varchar(50) NOT NULL,
  `namaStnk` varchar(255) NOT NULL,
  `alamatStnk` varchar(255) NOT NULL,
  `createdAt` timestamp NOT NULL DEFAULT current_timestamp(),
  `updatedAt` timestamp NOT NULL DEFAULT current_timestamp(),
  `ksa` varchar(255) NOT NULL,
  `peruntukan` varchar(255) NOT NULL
) ENGINE=InnoDB DEFAULT CHARSET=utf8mb4;

--
-- Triggers `ksa_kendaraan`
--
DELIMITER $$
CREATE TRIGGER `before_insert_ksa_kendaraan` BEFORE INSERT ON `ksa_kendaraan` FOR EACH ROW SET new.id = uuid()
$$
DELIMITER ;

-- --------------------------------------------------------

--
-- Table structure for table `ksa_nomor`
--

CREATE TABLE `ksa_nomor` (
  `kode` varchar(50) NOT NULL,
  `nama` varchar(255) NOT NULL,
  `nomor` varchar(255) NOT NULL,
  `createdAt` timestamp NOT NULL DEFAULT current_timestamp(),
  `updatedAt` timestamp NOT NULL DEFAULT current_timestamp(),
  `ksa` varchar(50) NOT NULL
) ENGINE=InnoDB DEFAULT CHARSET=utf8mb4;

-- --------------------------------------------------------

--
-- Table structure for table `product`
--

CREATE TABLE `product` (
  `id` varchar(50) NOT NULL,
  `nama` varchar(255) NOT NULL,
  `gambar` varchar(255) NOT NULL,
  `merek` varchar(255) NOT NULL,
  `satuan` varchar(50) DEFAULT NULL,
  `deskripsi` longtext NOT NULL,
  `createdAt` timestamp NOT NULL DEFAULT current_timestamp(),
  `updatedAt` timestamp NOT NULL DEFAULT current_timestamp(),
  `kodeBarang` varchar(50) NOT NULL
) ENGINE=InnoDB DEFAULT CHARSET=utf8mb4;

--
-- Triggers `product`
--
DELIMITER $$
CREATE TRIGGER `before_insert_product` BEFORE INSERT ON `product` FOR EACH ROW SET new.id = uuid()
$$
DELIMITER ;

-- --------------------------------------------------------

--
-- Table structure for table `product_kendaraan`
--

CREATE TABLE `product_kendaraan` (
  `id` varchar(50) NOT NULL,
  `tipe` varchar(255) NOT NULL,
  `bahanBakar` varchar(255) NOT NULL,
  `thPembuatan` varchar(10) NOT NULL,
  `warna` varchar(50) NOT NULL,
  `hp` varchar(255) NOT NULL,
  `createdAt` timestamp NOT NULL DEFAULT current_timestamp(),
  `updatedAt` timestamp NOT NULL DEFAULT current_timestamp(),
  `productId` varchar(50) NOT NULL
) ENGINE=InnoDB DEFAULT CHARSET=utf8mb4;

--
-- Triggers `product_kendaraan`
--
DELIMITER $$
CREATE TRIGGER `before_insert_product_kendaraan` BEFORE INSERT ON `product_kendaraan` FOR EACH ROW SET new.id = uuid()
$$
DELIMITER ;

-- --------------------------------------------------------

--
-- Table structure for table `ruangan`
--

CREATE TABLE `ruangan` (
  `id` varchar(50) NOT NULL,
  `nama` varchar(255) NOT NULL,
  `jenisRuangan` varchar(255) NOT NULL,
  `posisiRuangan` varchar(255) NOT NULL,
  `ukuranRuangan` varchar(50) NOT NULL,
  `kapasitasRuangan` varchar(50) NOT NULL,
  `createdAt` timestamp NOT NULL DEFAULT current_timestamp(),
  `updatedAt` timestamp NOT NULL DEFAULT current_timestamp(),
  `gedungId` varchar(50) NOT NULL
) ENGINE=InnoDB DEFAULT CHARSET=utf8mb4;

--
-- Dumping data for table `ruangan`
--

INSERT INTO `ruangan` (`id`, `nama`, `jenisRuangan`, `posisiRuangan`, `ukuranRuangan`, `kapasitasRuangan`, `createdAt`, `updatedAt`, `gedungId`) VALUES
('028c7877-0a21-4163-aaf9-01fb534dd76b', '301 - SDM', '-', '-', '0', '0', '2021-05-10 09:05:40', '2021-05-10 09:05:40', 'd2ffba49-f1b2-46c6-96a3-990c8609866b'),
('02bcddba-2bcd-46bd-af66-757eab5488a4', '203 - RUANG KULIAH', '-', '-', '0', '0', '2021-05-10 09:23:03', '2021-05-10 09:23:03', '1fa8135c-4785-472c-910d-d3a4362c1ebd'),
('030a7e53-eabc-48b2-8c66-9b0fa5ff9151', '202 - 1', '-', '-', '-', '0', '2021-05-14 18:23:36', '2021-05-14 18:23:36', '414e5022-284f-4ed6-bd01-77148c5b9379'),
('03108171-bdec-49e0-8341-6ac70d64cd48', '310.2 - KABIRO ICT', '-', '-', '0', '-1', '2021-05-10 09:17:37', '2021-05-10 09:17:37', 'd2ffba49-f1b2-46c6-96a3-990c8609866b'),
('04718faa-d1a2-48b1-a9b0-7b5dd6b729bf', '101 - 8', '-', '-', '-', '0', '2021-05-14 18:23:36', '2021-05-14 18:23:36', 'ec4b90a9-318a-470a-9586-96d4b33cb7fb'),
('05681971-c694-436f-87d9-6c71fbcc109d', '202 - LOUNGE', '-', '-', '0', '0', '2021-05-10 08:31:18', '2021-05-10 08:31:18', '6af97e0f-6366-48ee-bf2f-897f0cd5c59d'),
('06c07a60-bab4-47a0-b9ef-ec9c51639099', '302.3 - KABIRO SDM', '-', '-', '0', '0', '2021-05-10 09:09:27', '2021-05-10 09:09:27', 'd2ffba49-f1b2-46c6-96a3-990c8609866b'),
('07aed0ea-efb4-44c3-9a37-5b1632c12f24', '301.1 - RUANG STAF', '-', '-', '-', '0', '2021-05-10 08:39:59', '2021-05-10 08:39:59', '3b54e470-c372-47a4-ad78-8636d7d1b921'),
('0829e472-0de0-4c5f-ae9a-34f2193ab8eb', '201 - IO', '-', '-', '0', '0', '2021-05-10 08:30:42', '2021-05-10 08:30:42', '6af97e0f-6366-48ee-bf2f-897f0cd5c59d'),
('0862317d-ad5f-4312-9f18-21eb497fa28d', '305 - RUANG KULIAH', '-', '-', '0', '0', '2021-05-10 08:44:29', '2021-05-10 08:44:29', '6af97e0f-6366-48ee-bf2f-897f0cd5c59d'),
('09e252ae-9487-4a1f-b68c-4562b73d7b8e', '309 - LAB MULTIMEDIA', '-', '-', '0', '0', '2021-05-10 09:20:19', '2021-05-10 09:20:19', '08654095-a36d-4dac-913c-6cd6a56e57fa'),
('0aabc7b9-c56b-4c72-9b30-c1d5c3e5f2e0', '308 - LPMP', '-', '-', '0', '0', '2021-05-10 09:14:26', '2021-05-10 09:14:26', 'd2ffba49-f1b2-46c6-96a3-990c8609866b'),
('0b0c571b-651b-4f6c-8c01-9ea457432287', '102 - WARUNG PERANCIS', '-', '-', '0', '0', '2021-05-10 08:16:16', '2021-05-10 08:16:16', '6af97e0f-6366-48ee-bf2f-897f0cd5c59d'),
('0b661b77-ab19-4c49-8ad9-2a8b5dc3abe5', '204 - RUANG KULIAH', '-', '-', '0', '0', '2021-05-10 08:53:20', '2021-05-10 08:53:20', 'd15c05f2-bd33-475d-8a70-cc85b0f69d5e'),
('0dd31f3c-4d96-4029-bc39-abbbd1eb7e1c', '211 - SELASAR', '-', '-', '0', '0', '2021-05-10 08:42:57', '2021-05-10 08:42:57', '6af97e0f-6366-48ee-bf2f-897f0cd5c59d'),
('0e1adf44-09b0-4c4d-aab3-4d88e836e505', '105 - 1', '-', '-', '-', '0', '2021-05-14 18:23:36', '2021-05-14 18:23:36', '414e5022-284f-4ed6-bd01-77148c5b9379'),
('0f2d175f-4882-4206-b349-429c34519188', '106 - 2', '-', '-', '-', '0', '2021-05-14 18:23:36', '2021-05-14 18:23:36', 'fc1e399e-f913-4fbd-a571-732f803d76b3'),
('0fa0bea9-36e9-49f7-bc58-6b6b721c2cfa', '201 - LOBBY GEDUNG A', '-', '-', '0', '0', '2021-05-10 08:49:49', '2021-05-10 08:49:49', 'd2ffba49-f1b2-46c6-96a3-990c8609866b'),
('10887906-6ba2-47d6-996c-fe7194c56a01', '103 - KSR', '-', '-', '0', '0', '2021-05-10 09:12:58', '2021-05-10 09:12:58', '1fa8135c-4785-472c-910d-d3a4362c1ebd'),
('130cfa02-b54a-4e12-87af-ecb9650e89f1', '203 - RUANG KULIAH', '-', '-', '0', '0', '2021-05-10 09:12:43', '2021-05-10 09:12:43', '56463585-2599-4377-903f-83078b943b99'),
('1373c83f-413c-4c60-bafe-55ccb206d1b7', '408 - LAB LANJUT D', '-', '-', '0', '0', '2021-05-10 09:24:24', '2021-05-10 09:24:24', '08654095-a36d-4dac-913c-6cd6a56e57fa'),
('1476b4d6-ea5c-495a-be5d-c032a9b2d9cc', '101 - TEKNIK INFORMATIKA', '-', '-', '0', '0', '2021-05-10 08:47:19', '2021-05-10 08:47:19', 'd15c05f2-bd33-475d-8a70-cc85b0f69d5e'),
('14b23ce1-17a7-4df6-85de-a37ba48cfd9e', '305 - WAKIL REKTOR 2', '-', '-', '0', '0', '2021-05-10 09:12:01', '2021-05-10 09:12:01', 'd2ffba49-f1b2-46c6-96a3-990c8609866b'),
('15ca73dd-e0ec-49ca-a213-d459d60e5fd2', '205 - RUANG DOKTOR', '-', '-', '0', '0', '2021-05-10 08:40:01', '2021-05-10 08:40:01', '6af97e0f-6366-48ee-bf2f-897f0cd5c59d'),
('167aa9da-7ac6-4857-b28f-ac8de8386f28', '209.3 - RUANG CCTV', '-', '-', '0', '0', '2021-05-10 09:03:37', '2021-05-10 09:03:37', 'd2ffba49-f1b2-46c6-96a3-990c8609866b'),
('16c2a523-844a-4eec-9a48-87a31e5261e7', '204 - RUANG KULIAH', '-', '-', '0', '0', '2021-05-10 09:13:15', '2021-05-10 09:13:15', '56463585-2599-4377-903f-83078b943b99'),
('17545756-d327-467a-a02b-007b632ea98a', '102 - STAF PMB', '-', '0', '0', '0', '2021-05-10 08:31:02', '2021-05-10 08:31:02', '56463585-2599-4377-903f-83078b943b99'),
('17da6eca-b383-41cd-b03e-2d0d5f120119', '205.2 - TOILET', '-', '-', '0', '0', '2021-05-10 08:57:06', '2021-05-10 08:57:06', 'd2ffba49-f1b2-46c6-96a3-990c8609866b'),
('181e8028-4116-402b-bc62-4bff6aaa308c', '105 - RUANG DOSEN', '-', '-', '0', '0', '2021-05-10 09:16:35', '2021-05-10 09:16:35', '1fa8135c-4785-472c-910d-d3a4362c1ebd'),
('19ef74ff-c3cf-44de-ba6a-79a99bffd36b', '206 - 3', '-', '-', '-', '0', '2021-05-14 18:23:36', '2021-05-14 18:23:36', '1d4c6fd7-4b5b-4aa0-a888-3fdea62bc453'),
('1b1341e0-dd34-4253-a55e-ceeef103cc65', '404 - LAB LANJU A', '-', '-', '0', '0', '2021-05-10 09:22:38', '2021-05-10 09:22:38', '08654095-a36d-4dac-913c-6cd6a56e57fa'),
('1b77eff1-0ecd-4f08-8ec3-680bd16636c6', '103 - 1', '-', '-', '-', '0', '2021-05-14 18:23:36', '2021-05-14 18:23:36', '414e5022-284f-4ed6-bd01-77148c5b9379'),
('1cd49552-6686-4064-b31f-71990ff8647e', 'LOBBY', 'Lobby', 'Depan', '400', '400', '2021-05-04 07:49:21', '2021-05-04 07:49:21', 'd2ffba49-f1b2-46c6-96a3-990c8609866b'),
('1df56192-f51d-4956-8150-1de34e049ed2', '403 - TOILET', '-', '-', '0', '0', '2021-05-10 09:21:37', '2021-05-10 09:21:37', 'd2ffba49-f1b2-46c6-96a3-990c8609866b'),
('1fe6eda9-22fc-4219-a28f-c52fc205d2d2', '201 - 1', '-', '-', '-', '0', '2021-05-14 18:23:36', '2021-05-14 18:23:36', '414e5022-284f-4ed6-bd01-77148c5b9379'),
('210b2a9e-61bc-42b3-9910-14f723312727', '304 - LAB ELEKTRONIKA LANJUT', '-', '-', '0', '0', '2021-05-10 09:18:29', '2021-05-10 09:18:29', '08654095-a36d-4dac-913c-6cd6a56e57fa'),
('235601cf-d64a-4b5f-93c2-7d2d67945a3c', '303 - RUANG KULIAH', '-', '-', '0', '0', '2021-05-10 08:44:02', '2021-05-10 08:44:02', '6af97e0f-6366-48ee-bf2f-897f0cd5c59d'),
('23fd511a-6810-436a-b3d6-4df982ae7271', '101.1 - 3', '-', '-', '-', '0', '2021-05-14 18:23:36', '2021-05-14 18:23:36', '1d4c6fd7-4b5b-4aa0-a888-3fdea62bc453'),
('26c6a9ad-e604-493d-896c-953ce97c3294', '105 - 2', '-', '-', '-', '0', '2021-05-14 18:23:36', '2021-05-14 18:23:36', 'fc1e399e-f913-4fbd-a571-732f803d76b3'),
('28a857c3-3ff2-415c-aa82-f5a2a075f701', '102 - 11', '-', '-', '-', '0', '2021-05-14 18:23:36', '2021-05-14 18:23:36', 'ad3d4fae-f2b7-49d3-b37c-f503020ebd83'),
('28e8fc48-6cd1-4f15-9100-ee4090418993', '101 - STAF ADM', '-', '-', '0', '0', '2021-05-10 08:27:41', '2021-05-10 08:27:41', '3b54e470-c372-47a4-ad78-8636d7d1b921'),
('28ed8583-6105-42fa-960a-bf620cd37a2d', '101 - 2', '-', '-', '-', '0', '2021-05-14 18:23:36', '2021-05-14 18:23:36', 'fc1e399e-f913-4fbd-a571-732f803d76b3'),
('299eb8d9-b90f-483b-b365-f98a0438feb7', '203.1 - KAPRODI MM', '-', '-', '0', '0', '2021-05-10 08:38:38', '2021-05-10 08:38:38', '6af97e0f-6366-48ee-bf2f-897f0cd5c59d'),
('2a98054f-862d-4bc2-975c-96f2917349e7', '310 - TOILET', '-', '-', '0', '0', '2021-05-10 09:06:55', '2021-05-10 09:06:55', 'd15c05f2-bd33-475d-8a70-cc85b0f69d5e'),
('2b1fccd2-e0d8-4a9f-b131-f95ca5231d76', '109 - GUDANG ARSIP', '-', '-', '0', '0', '2021-05-10 09:11:09', '2021-05-10 09:11:09', '08654095-a36d-4dac-913c-6cd6a56e57fa'),
('2bb184dc-9bd7-418f-8101-22e1145c42c1', '101.3 - KOOR PELATIHAN & PENGAJARAAN', '-', '-', '-', '0', '2021-05-10 08:30:39', '2021-05-10 08:30:39', '3b54e470-c372-47a4-ad78-8636d7d1b921'),
('2e28f472-78be-45f9-b95f-54d857458dd5', '210 - SELASAR', '-', '-', '0', '0', '2021-05-10 08:55:36', '2021-05-10 08:55:36', 'd15c05f2-bd33-475d-8a70-cc85b0f69d5e'),
('2fa0d06f-b4bd-4bf7-ac57-41e2eef1a62c', '107 - SISTEM INFORMASI', '-', '-', '0', '0', '2021-05-10 08:50:14', '2021-05-10 08:50:14', 'd15c05f2-bd33-475d-8a70-cc85b0f69d5e'),
('2fbf19cc-2f0e-4fa9-8329-d486e065d37d', '103 - HUMAS', '-', '-', '0', '0', '2021-05-10 09:10:30', '2021-05-10 09:10:30', '56463585-2599-4377-903f-83078b943b99'),
('2fe27a26-c5c7-4e32-801d-57e8973922d2', '103 - 11', '-', '-', '-', '0', '2021-05-14 18:23:36', '2021-05-14 18:23:36', 'ad3d4fae-f2b7-49d3-b37c-f503020ebd83'),
('319b3c9e-13d9-496a-ae75-e64c06e1783b', '303 - RUANG KULIAH', '-', '-', '0', '0', '2021-05-10 08:57:19', '2021-05-10 08:57:19', 'd15c05f2-bd33-475d-8a70-cc85b0f69d5e'),
('3298c0e9-1abd-4330-bba2-629b8d9bc7f9', '502 - DJ TV', '-', '-', '0', '0', '2021-05-10 09:11:39', '2021-05-10 09:11:39', 'd15c05f2-bd33-475d-8a70-cc85b0f69d5e'),
('329cf95e-6c70-4cc9-8415-4b676ec12f14', '103 - LAB BAHASA', '-', '-', '-', '0', '2021-05-10 08:32:01', '2021-05-10 08:32:01', '3b54e470-c372-47a4-ad78-8636d7d1b921'),
('32b4ab5f-27ad-41a7-9382-9d77bc0e8a74', '302.2 - KABAG PAYLOR & PENGEMBANGAN', '-', '-', '0', '0', '2021-05-10 09:08:42', '2021-05-10 09:08:42', 'd2ffba49-f1b2-46c6-96a3-990c8609866b'),
('32c17c8f-e729-4f2e-9e3f-099a2bf4ea3e', '207 - RUANG KULIAH', '-', '-', '0', '0', '2021-05-10 08:40:58', '2021-05-10 08:40:58', '6af97e0f-6366-48ee-bf2f-897f0cd5c59d'),
('3361613d-155e-44e3-9ee8-af71410c4a96', '303 - LAB ELEKTRONIKA FISIKA DASAR', '-', '-', '0', '0', '2021-05-10 09:18:04', '2021-05-10 09:18:04', '08654095-a36d-4dac-913c-6cd6a56e57fa'),
('338cb1e4-1415-403a-90ca-bff935536b22', '101 - 5', '-', '-', '-', '0', '2021-05-14 18:23:36', '2021-05-14 18:23:36', '88c295f3-219b-4ff3-b69b-aa04a6855566'),
('340cc364-830d-4dbd-93ee-5228f6c3de92', '102 - BNI SYARIAH', '-', '0', '-', '0', '2021-05-10 09:11:54', '2021-05-10 09:11:54', '1fa8135c-4785-472c-910d-d3a4362c1ebd'),
('356f13e6-9ec3-4b7b-95d3-f06d087c2ce0', '104 - GUDANG ASET', '-', '-', '0', '0', '2021-05-10 08:46:03', '2021-05-10 08:46:03', 'd2ffba49-f1b2-46c6-96a3-990c8609866b'),
('36dce065-25af-4ecb-bde6-8aca26168875', '201 - 2', '-', '-', '-', '0', '2021-05-14 18:23:36', '2021-05-14 18:23:36', 'fc1e399e-f913-4fbd-a571-732f803d76b3'),
('370e91da-a7af-4a8d-af2e-0f1c620f0619', '211 - TOILET', '-', '-', '0', '0', '2021-05-10 08:56:21', '2021-05-10 08:56:21', 'd15c05f2-bd33-475d-8a70-cc85b0f69d5e'),
('37cb4617-d42e-413d-bab5-38d8146d44aa', '209 - BIRO MAL', '-', '-', '0', '0', '2021-05-10 09:01:36', '2021-05-10 09:01:36', 'd2ffba49-f1b2-46c6-96a3-990c8609866b'),
('38f098cb-90fb-43a9-8a14-43cd44cdaa6c', '302 - RUANG KULIAH', '-', '-', '0', '0', '2021-05-10 09:14:03', '2021-05-10 09:14:03', '56463585-2599-4377-903f-83078b943b99'),
('3b1a37b4-9ac3-4819-b453-37de3d1c50fb', '101 - 1', '-', '-', '-', '0', '2021-05-14 18:23:36', '2021-05-14 18:23:36', '414e5022-284f-4ed6-bd01-77148c5b9379'),
('3babc2da-2c81-420d-aa97-4809a19a9e5e', '102 - 3', '-', '-', '-', '0', '2021-05-14 18:23:36', '2021-05-14 18:23:36', '1d4c6fd7-4b5b-4aa0-a888-3fdea62bc453'),
('3c65f4a4-780a-47b4-a2b4-06f42ffdd8a4', '209 - GUDANG ARSIP', '-', '-', '0', '0', '2021-05-10 08:55:08', '2021-05-10 08:55:08', 'd15c05f2-bd33-475d-8a70-cc85b0f69d5e'),
('3dbbbfa5-afb0-4ac9-abfa-b37310cd1bbc', '106 - SATGAS', '-', '-', '0', '0', '2021-05-10 09:17:32', '2021-05-10 09:17:32', '1fa8135c-4785-472c-910d-d3a4362c1ebd'),
('3eb0dc15-b6ca-4a06-947f-e9f572270b93', '102 - 13', '-', '-', '-', '0', '2021-05-14 18:23:36', '2021-05-14 18:23:36', 'df3865c8-8ca1-47fb-9e4d-e48bee1b2dec'),
('42aee02c-4913-4205-8ebe-42ff9498bbd4', '102 - 1', '-', '-', '-', '0', '2021-05-14 18:23:36', '2021-05-14 18:23:36', '414e5022-284f-4ed6-bd01-77148c5b9379'),
('44e71e99-3b8d-4a50-bd83-bf88fa708e96', '209.1 - KABIRO BAL', '-', '-', '0', '0', '2021-05-10 09:02:16', '2021-05-10 09:02:16', 'd2ffba49-f1b2-46c6-96a3-990c8609866b'),
('4599d46e-1f48-4f15-b7ab-f14473dfa22d', '101 - 12', '-', '-', '-', '0', '2021-05-14 18:23:36', '2021-05-14 18:23:36', '6804bb9a-af96-4789-8f0c-ffbb98d8d147'),
('45ca3b28-7e3b-4519-bda4-f3aaa9975a0c', '304 - RUANG KULIAH', '-', '-', '0', '0', '2021-05-10 09:14:42', '2021-05-10 09:14:42', '56463585-2599-4377-903f-83078b943b99'),
('46b80f5d-7005-42d4-b237-81207ebe1ffd', '202 - 2', '-', '-', '-', '0', '2021-05-14 18:23:36', '2021-05-14 18:23:36', 'fc1e399e-f913-4fbd-a571-732f803d76b3'),
('46ddee53-a001-4c7f-ac19-2752e7e554e9', '102 - PMB', '-', '-', '0', '0', '2021-05-10 09:08:41', '2021-05-10 09:08:41', '56463585-2599-4377-903f-83078b943b99'),
('47ded146-35c7-402a-84a7-b53205e4970f', '506 - HIMKRIS', '-', '-', '0', '0', '2021-05-10 09:12:43', '2021-05-10 09:12:43', 'd15c05f2-bd33-475d-8a70-cc85b0f69d5e'),
('4b169b49-a376-40c7-aee3-3c8602b24b5b', '301 - KOOR LAB', '-', '-', '0', '0', '2021-05-10 09:17:19', '2021-05-10 09:17:19', '08654095-a36d-4dac-913c-6cd6a56e57fa'),
('4cb3d824-29c6-4a50-8bb0-deace3f38a0e', '205 - RUANG KULIAH', '-', '-', '0', '0', '2021-05-10 08:53:45', '2021-05-10 08:53:45', 'd15c05f2-bd33-475d-8a70-cc85b0f69d5e'),
('4db4b47b-2052-4abe-a76f-1c6857bd5c59', '202.1 - RUANG ISTIRAHAT', '-', '-', '0', '0', '2021-05-10 08:52:01', '2021-05-10 08:52:01', 'd2ffba49-f1b2-46c6-96a3-990c8609866b'),
('4e541ee6-28f1-47bd-a6ba-d0e5c9b0bdfd', '101 - 9', '-', '-', '-', '0', '2021-05-14 18:23:36', '2021-05-14 18:23:36', '9ff8bc81-70da-4263-a91d-d659e902200f'),
('4f0fa3da-786b-4d07-82c1-e10fd9e99051', '201 - STAF ADM PERPUS', '-', '-', '-', '0', '2021-05-10 08:38:08', '2021-05-10 08:38:08', '3b54e470-c372-47a4-ad78-8636d7d1b921'),
('4f223198-fa5f-4a18-9b73-2bc7058dd9b7', '309.1 - COMMON ROOM', '-', '-', '0', '0', '2021-05-10 08:47:06', '2021-05-10 08:47:06', '6af97e0f-6366-48ee-bf2f-897f0cd5c59d'),
('4f23bcd4-0c38-49b8-8e51-75cec1ce135e', '306 - STAF AHLI', '-', '-', '0', '0', '2021-05-10 09:12:36', '2021-05-10 09:12:36', 'd2ffba49-f1b2-46c6-96a3-990c8609866b'),
('5380d93f-2e46-40db-a75a-600df114daea', '306 - RUANG HADWARE', '-', '-', '0', '0', '2021-05-10 09:19:18', '2021-05-10 09:19:18', '08654095-a36d-4dac-913c-6cd6a56e57fa'),
('538e1573-caf2-4fa9-8abc-09cd8531fa55', '312 - LOBBY KEUANGAN', '-', '-', '0', '0', '2021-05-10 09:19:40', '2021-05-10 09:19:40', 'd2ffba49-f1b2-46c6-96a3-990c8609866b'),
('543b0914-d3ae-4eb1-8944-60471fb2308d', '101.1 - RUANG TES', '-', '0', '0', '0', '2021-05-10 08:30:34', '2021-05-10 08:30:34', '56463585-2599-4377-903f-83078b943b99'),
('559ae69e-e5c8-4b3d-a07e-15bee29f899e', '501 - AULA', '-', '-', '0', '0', '2021-05-10 09:11:13', '2021-05-10 09:11:13', 'd15c05f2-bd33-475d-8a70-cc85b0f69d5e'),
('55a678da-c9e3-4dc3-a3d6-18d83a373b30', '203 - 3', '-', '-', '-', '0', '2021-05-14 18:23:36', '2021-05-14 18:23:36', '1d4c6fd7-4b5b-4aa0-a888-3fdea62bc453'),
('564208f6-381d-4735-b34a-dcbe5ca7b413', '109 - GUDANG', '-', '-', '0', '0', '2021-05-10 08:29:49', '2021-05-10 08:29:49', '6af97e0f-6366-48ee-bf2f-897f0cd5c59d'),
('581f08f3-0bb6-44f5-a98f-bfd37a4b93f5', '102 - 2', '-', '-', '-', '0', '2021-05-14 18:23:36', '2021-05-14 18:23:36', 'fc1e399e-f913-4fbd-a571-732f803d76b3'),
('59da6edd-e7b0-4d5e-9b6b-177655342d16', '208 - RUANG KULIAH', '-', '-', '0', '0', '2021-05-10 08:41:45', '2021-05-10 08:41:45', '6af97e0f-6366-48ee-bf2f-897f0cd5c59d'),
('5aabbea8-ef5b-45de-ac43-bef424b08787', '403 - LAB LANJU A', '-', '-', '0', '0', '2021-05-10 09:22:15', '2021-05-10 09:22:15', '08654095-a36d-4dac-913c-6cd6a56e57fa'),
('5ac5d71d-cb96-492a-b12f-6b2d7cd5cbcb', '305 - LAB JARINGAN KOMPUTER DASAR', '-', '-', '0', '0', '2021-05-10 09:18:58', '2021-05-10 09:18:58', '08654095-a36d-4dac-913c-6cd6a56e57fa'),
('5be2535b-c975-42c9-844d-d386c901524a', '106 - LAB IAC', '-', '-', '0', '0', '2021-05-10 08:18:45', '2021-05-10 08:18:45', '6af97e0f-6366-48ee-bf2f-897f0cd5c59d'),
('5be62231-e883-47ac-804a-bd3bb2dedec4', '310 - LABORAN & ASISTEN', '-', '-', '0', '0', '2021-05-10 09:20:52', '2021-05-10 09:20:52', '08654095-a36d-4dac-913c-6cd6a56e57fa'),
('5bea9159-93e3-4f67-a957-8b5a5c9dfb9e', '109 - TOILET', '-', '-', '0', '0', '2021-05-10 08:51:09', '2021-05-10 08:51:09', 'd15c05f2-bd33-475d-8a70-cc85b0f69d5e'),
('5c6fd139-cfb4-4c6b-996c-60c74aed7bf8', '110 - PANTRI', '-', '-', '0', '0', '2021-05-10 08:30:08', '2021-05-10 08:30:08', '6af97e0f-6366-48ee-bf2f-897f0cd5c59d'),
('5e136f2a-f8e8-4b66-a8a9-b88caef2ffde', '408 - RUANG KULIAH', '-', '-', '0', '0', '2021-05-10 09:09:45', '2021-05-10 09:09:45', 'd15c05f2-bd33-475d-8a70-cc85b0f69d5e'),
('5e68c422-c299-4b95-8f1a-8d20f92be4bb', '304 - RUANG KULIAH', '-', '-', '0', '0', '2021-05-10 09:04:03', '2021-05-10 09:04:03', 'd15c05f2-bd33-475d-8a70-cc85b0f69d5e'),
('602bde8d-1b2f-4f29-b322-2687ba37baa0', '108 - DEKAN & WAKIL ILMU KOMPUTER', '-', '-', '0', '0', '2021-05-10 08:22:42', '2021-05-10 08:22:42', '6af97e0f-6366-48ee-bf2f-897f0cd5c59d'),
('606b769c-f6ea-4d69-a7cd-016810aeea49', '205.1 - GUDANG ARSIP', '-', '-', '0', '0', '2021-05-10 08:55:27', '2021-05-10 08:55:27', 'd2ffba49-f1b2-46c6-96a3-990c8609866b'),
('60e16e15-d105-421b-b7c0-388a8e2249d8', '102 - 12', '-', '-', '-', '0', '2021-05-14 18:23:36', '2021-05-14 18:23:36', '6804bb9a-af96-4789-8f0c-ffbb98d8d147'),
('611da036-d146-416a-bfc0-b1c6899badaa', '104 - 11', '-', '-', '-', '0', '2021-05-14 18:23:36', '2021-05-14 18:23:36', 'ad3d4fae-f2b7-49d3-b37c-f503020ebd83'),
('61bc5941-61b2-4123-9fd7-5356260e5e80', '304 - LPPM', '-', '-', '0', '0', '2021-05-10 09:10:39', '2021-05-10 09:10:39', 'd2ffba49-f1b2-46c6-96a3-990c8609866b'),
('61f0232f-2bdc-4e57-85eb-b5a121c4779d', '302 - RUANG KULIAH', '-', '-', '0', '0', '2021-05-10 08:56:57', '2021-05-10 08:56:57', 'd15c05f2-bd33-475d-8a70-cc85b0f69d5e'),
('62172ac5-2477-4c4b-98d0-c8876e1936ac', '507 - KOMBIR', '-', '-', '0', '0', '2021-05-10 09:13:00', '2021-05-10 09:13:00', 'd15c05f2-bd33-475d-8a70-cc85b0f69d5e'),
('62491469-6a7a-4a64-8c71-18a1326c5315', '103 - 2', '-', '-', '-', '0', '2021-05-14 18:23:36', '2021-05-14 18:23:36', 'fc1e399e-f913-4fbd-a571-732f803d76b3'),
('62dbd568-dec8-4042-8546-07889f3ca794', '301 - RUANG KULIAH', '-', '-', '0', '0', '2021-05-10 08:56:39', '2021-05-10 08:56:39', 'd15c05f2-bd33-475d-8a70-cc85b0f69d5e'),
('63018fbd-3593-4004-9f2a-2da22ddd15bb', '104 - TOILET', '-', '-', '0', '0', '2021-05-10 09:15:28', '2021-05-10 09:15:28', '1fa8135c-4785-472c-910d-d3a4362c1ebd'),
('6417296e-aaf4-4249-a606-c25f04ab07bc', '104 - AKUNTANSI', '-', '-', '0', '0', '2021-05-10 08:48:55', '2021-05-10 08:48:55', 'd15c05f2-bd33-475d-8a70-cc85b0f69d5e'),
('641b3364-bb0c-4a21-8215-9b28ade59539', '201 - RUANG KULIAH', '-', '-', '0', '0', '2021-05-10 09:21:30', '2021-05-10 09:21:30', '1fa8135c-4785-472c-910d-d3a4362c1ebd'),
('64be2105-1898-4497-ba9d-a2f36cb5be01', '307 - TOILET', '-', '-', '0', '0', '2021-05-10 09:13:10', '2021-05-10 09:13:10', 'd2ffba49-f1b2-46c6-96a3-990c8609866b'),
('6641675f-1788-444a-aea2-77b875674dbc', '204 - RUANG KULIAH', '-', '-', '0', '0', '2021-05-10 08:39:32', '2021-05-10 08:39:32', '6af97e0f-6366-48ee-bf2f-897f0cd5c59d'),
('66b747c8-5322-451b-9851-e2ace1de23fb', '102 - 6', '-', '-', '-', '0', '2021-05-14 18:23:36', '2021-05-14 18:23:36', '5754c0c9-59cf-43b2-b013-eb2635eab36d'),
('66f9f5eb-2fb4-4e1e-8cb0-0677f5c4a287', '207 - LAB E', '-', '-', '0', '0', '2021-05-10 09:14:48', '2021-05-10 09:14:48', '08654095-a36d-4dac-913c-6cd6a56e57fa'),
('6906ea50-5e6d-444e-8a12-bba3d7279d29', '401 - GUDANG', '-', '-', '0', '0', '2021-05-10 09:21:39', '2021-05-10 09:21:39', '08654095-a36d-4dac-913c-6cd6a56e57fa'),
('699ddc29-180f-4dd3-8642-9152664be51b', '406 - RUANG KULIAH', '-', '-', '0', '0', '2021-05-10 09:09:11', '2021-05-10 09:09:11', 'd15c05f2-bd33-475d-8a70-cc85b0f69d5e'),
('6aaa90a5-34d6-4678-9eec-18fe3990dcdf', '401 - RUANG KULIAH', '-', '-', '0', '0', '2021-05-10 09:07:10', '2021-05-10 09:07:10', 'd15c05f2-bd33-475d-8a70-cc85b0f69d5e'),
('6ac2164c-4215-448b-94d5-ec1c8902c302', '103 - 12', '-', '-', '-', '0', '2021-05-14 18:23:36', '2021-05-14 18:23:36', '6804bb9a-af96-4789-8f0c-ffbb98d8d147'),
('6b87a3cd-6707-4078-b124-5ed30ea8711b', '201.1 - KEPALA PERPUS', '-', '-', '-', '0', '2021-05-10 08:39:01', '2021-05-10 08:39:01', '3b54e470-c372-47a4-ad78-8636d7d1b921'),
('6caf048f-f3f3-4b20-9e53-a37ad01e3132', '405 - RUANG KULIAH', '-', '-', '0', '0', '2021-05-10 09:08:54', '2021-05-10 09:08:54', 'd15c05f2-bd33-475d-8a70-cc85b0f69d5e'),
('6d454abd-1fa3-4d9c-8779-3db28aba86a9', '309 - SELASAR', '-', '-', '0', '0', '2021-05-10 09:06:40', '2021-05-10 09:06:40', 'd15c05f2-bd33-475d-8a70-cc85b0f69d5e'),
('6fb06416-18a4-4383-8f1c-602511052257', '306 - RUANG KULIAH', '-', '-', '0', '0', '2021-05-10 09:31:10', '2021-05-10 09:31:10', '1fa8135c-4785-472c-910d-d3a4362c1ebd'),
('6ffbce17-14c5-44de-9161-2e5fa52c0430', '102 - 4', '-', '-', '-', '0', '2021-05-14 18:23:36', '2021-05-14 18:23:36', 'fe8670ae-310a-4e63-a120-20caaa54ce62'),
('700f2757-6e38-46fb-8f06-f34996a35ec5', '301 - RUANG WAKIL REKTOR 1', '-', '-', '0', '0', '2021-05-10 09:04:19', '2021-05-10 09:04:19', 'd2ffba49-f1b2-46c6-96a3-990c8609866b'),
('70bbe88a-3896-40f9-8c0a-d70c176b2924', '209.2 - GUDANG', '-', '-', '0', '0', '2021-05-10 09:02:46', '2021-05-10 09:02:46', 'd2ffba49-f1b2-46c6-96a3-990c8609866b'),
('71cab643-26bc-4cea-9a2e-f047b91bcaf0', '201 - RUANG KULIAH', '-', '-', '0', '0', '2021-05-10 09:12:02', '2021-05-10 09:12:02', '56463585-2599-4377-903f-83078b943b99'),
('7277ec3a-e14a-491b-b519-952f7fd465cb', '104 - PRODI DKV', '-', '-', '0', '0', '2021-05-10 09:13:47', '2021-05-10 09:13:47', '1fa8135c-4785-472c-910d-d3a4362c1ebd'),
('72d0cf21-8cd5-4213-a0c7-353e344de433', '101 - GIS', '0', '0', '0', '0', '2021-05-10 09:08:28', '2021-05-10 09:08:28', '1fa8135c-4785-472c-910d-d3a4362c1ebd'),
('72d8f830-fb7d-4abf-89de-448ba9980672', '101 - 7', '-', '-', '-', '0', '2021-05-14 18:23:36', '2021-05-14 18:23:36', '650505d3-832e-4a69-a558-aeeba3fc28a0'),
('74a40f2f-856b-48fd-8d06-f79c5e240e2f', '410 - TOILET', '-', '-', '0', '0', '2021-05-10 09:10:59', '2021-05-10 09:10:59', 'd15c05f2-bd33-475d-8a70-cc85b0f69d5e'),
('759f8d70-d75a-44de-bf59-cb3e8dc6d325', '102 - 10', '-', '-', '-', '0', '2021-05-14 18:23:36', '2021-05-14 18:23:36', '08aa4603-5a37-4e06-8d8f-35b95ebe1264'),
('75e1abf3-44b3-4f8d-8bef-9cffaa1745a2', '211 - SELASAR', '-', '-', '0', '0', '2021-05-10 09:16:59', '2021-05-10 09:16:59', '08654095-a36d-4dac-913c-6cd6a56e57fa'),
('77177983-02dc-4974-ba2a-202c12a01584', '501 - GUDANG ARSIP', '-', '-', '0', '0', '2021-05-10 09:22:43', '2021-05-10 09:22:43', 'd2ffba49-f1b2-46c6-96a3-990c8609866b'),
('781aa71f-ccba-4e14-b87a-e7bb67d59b63', '303 - RUANG KULIAH', '-', '-', '0', '0', '2021-05-10 09:14:21', '2021-05-10 09:14:21', '56463585-2599-4377-903f-83078b943b99'),
('7834235b-12a2-40a9-9acf-aeec691879ae', '101.2 - KOOR BIDANG PENGEMBANGAN DESAIN', '-', '-', '0', '0', '2021-05-10 08:29:40', '2021-05-10 08:29:40', '3b54e470-c372-47a4-ad78-8636d7d1b921'),
('78852fb5-8a16-425a-b22b-aa098d16af9e', '209 - GUDANG', '-', '-', '0', '0', '2021-05-10 08:42:08', '2021-05-10 08:42:08', '6af97e0f-6366-48ee-bf2f-897f0cd5c59d'),
('79108947-e997-495b-941b-6ba4d9c66496', '205 - LAB C', '-', '-', '0', '0', '2021-05-10 09:14:04', '2021-05-10 09:14:04', '08654095-a36d-4dac-913c-6cd6a56e57fa'),
('795fae42-184c-4c06-992b-10011ab6b1b9', '109 - ', '-', '-', '0', '0', '2021-05-10 09:20:39', '2021-05-10 09:20:39', '1fa8135c-4785-472c-910d-d3a4362c1ebd'),
('797a4e45-d8a9-4fb8-82e3-8d93354ce3ee', '208 - RUANG KULIAH', '-', '-', '0', '0', '2021-05-10 08:41:15', '2021-05-10 08:41:15', '6af97e0f-6366-48ee-bf2f-897f0cd5c59d'),
('79ba8232-36d6-4ddc-b115-1fd06edd8302', '307 - LAB JARINGAN KOMPUJTER', '-', '-', '0', '0', '2021-05-10 09:19:38', '2021-05-10 09:19:38', '08654095-a36d-4dac-913c-6cd6a56e57fa'),
('7c5ededf-209f-4dbb-933a-7ccbebc6057f', '302 - SDM', '-', '-', '0', '0', '2021-05-10 09:05:40', '2021-05-10 09:05:40', 'd2ffba49-f1b2-46c6-96a3-990c8609866b'),
('7c6ea7a2-b0b0-460b-a27c-dcd6c632eeed', '308 - LAB JARINGAN KOMPUTER', '-', '-', '0', '0', '2021-05-10 09:20:00', '2021-05-10 09:20:00', '08654095-a36d-4dac-913c-6cd6a56e57fa'),
('7ca82412-923e-440b-9783-386eadb39a72', '101 - 11', '-', '-', '-', '0', '2021-05-14 18:23:36', '2021-05-14 18:23:36', 'ad3d4fae-f2b7-49d3-b37c-f503020ebd83'),
('823a12ee-0acc-4e41-9478-f79d3d423bc3', '104.2 - KELAS DLC', '-', '-', '-', '0', '2021-05-10 08:35:21', '2021-05-10 08:35:21', '3b54e470-c372-47a4-ad78-8636d7d1b921'),
('82ca9cb0-4465-4ecf-9deb-854a6724f077', '102 - 7', '-', '-', '-', '0', '2021-05-14 18:23:36', '2021-05-14 18:23:36', '650505d3-832e-4a69-a558-aeeba3fc28a0'),
('84792382-9a9b-4120-98b6-68d3eb21923a', '201 - RUANG KULIAH', '-', '-', '0', '0', '2021-05-10 08:52:12', '2021-05-10 08:52:12', 'd15c05f2-bd33-475d-8a70-cc85b0f69d5e'),
('84d14d21-b833-4d35-ae7c-398506cffafa', '203 - 1', '-', '-', '-', '0', '2021-05-14 18:23:36', '2021-05-14 18:23:36', '414e5022-284f-4ed6-bd01-77148c5b9379'),
('877832d3-cb6b-4a91-a1b2-7a36cb8c82fe', '104 - RUANG KULIAH', '-', '-', '0', '0', '2021-05-10 09:03:44', '2021-05-10 09:03:44', '08654095-a36d-4dac-913c-6cd6a56e57fa'),
('878d8922-becd-4789-982c-c40b349c7acd', '101 - BIRO KEMAHASISWAAN', '-', '-', '0', '0', '2021-05-10 08:40:54', '2021-05-10 08:40:54', 'd2ffba49-f1b2-46c6-96a3-990c8609866b'),
('883f94e9-3ecd-4c68-b624-78e13d75273b', '210 - TOILET', '-', '-', '0', '0', '2021-05-10 08:42:33', '2021-05-10 08:42:33', '6af97e0f-6366-48ee-bf2f-897f0cd5c59d'),
('889eec1e-6810-42dd-8a01-9f7cb11dcd86', '401 - RUANG MEETING', '-', '-', '0', '0', '2021-05-10 09:20:25', '2021-05-10 09:20:25', 'd2ffba49-f1b2-46c6-96a3-990c8609866b'),
('890aa2a3-6625-4ca5-bf70-d42a58ec0551', '301 - RUANG KULIAH', '-', '-', '0', '0', '2021-05-10 09:27:48', '2021-05-10 09:27:48', '1fa8135c-4785-472c-910d-d3a4362c1ebd'),
('89e25821-64af-4556-b793-37cabea5bbda', '301 - TAX CENTER', '-', '-', '-', '0', '2021-05-10 08:39:42', '2021-05-10 08:39:42', '3b54e470-c372-47a4-ad78-8636d7d1b921'),
('8a815918-efcb-4a4a-a591-8ab4247a6b4e', '102 - GUDANG LOGISTIK', '-', '-', '0', '0', '2021-05-10 08:44:22', '2021-05-10 08:44:22', 'd2ffba49-f1b2-46c6-96a3-990c8609866b'),
('8bcfd4fb-ca0d-4482-a1e7-55f8c7d69af8', '307 - RUANG KULIAH', '-', '-', '0', '0', '2021-05-10 08:45:12', '2021-05-10 08:45:12', '6af97e0f-6366-48ee-bf2f-897f0cd5c59d'),
('8ca45950-2ebd-4649-bf61-b0dd9bce770f', '104 - SELASAR DLC', '-', '-', '-', '0', '2021-05-10 08:33:22', '2021-05-10 08:33:22', '3b54e470-c372-47a4-ad78-8636d7d1b921'),
('8d12046f-9174-44c1-b3c8-7725078cfca5', '103.1 - KABIRO HUMAS', '-', '-', '0', '0', '2021-05-10 09:10:59', '2021-05-10 09:10:59', '56463585-2599-4377-903f-83078b943b99'),
('8d4bc59b-9641-4836-b868-75017867138c', '101 - 6', '-', '-', '-', '0', '2021-05-14 18:23:36', '2021-05-14 18:23:36', '5754c0c9-59cf-43b2-b013-eb2635eab36d'),
('8dae21ed-8def-4b3b-be2c-d01975955c8f', '201 - 3', '-', '-', '-', '0', '2021-05-14 18:23:36', '2021-05-14 18:23:36', '1d4c6fd7-4b5b-4aa0-a888-3fdea62bc453'),
('8f727cb5-290d-4392-9251-74a5d4c5bd52', '406 - SELASAR', '-', '-', '0', '0', '2021-05-10 09:23:29', '2021-05-10 09:23:29', '08654095-a36d-4dac-913c-6cd6a56e57fa'),
('90c84c29-dfc5-49d7-b188-c41499790a13', '103 - MANAJEMEN', '-', '-', '0', '0', '2021-05-10 08:48:29', '2021-05-10 08:48:29', 'd15c05f2-bd33-475d-8a70-cc85b0f69d5e'),
('9213738b-25b2-4837-89f4-46619aa2712b', '301.2 - RUANG RAPAT', '-', '-', '-', '0', '2021-05-10 08:40:33', '2021-05-10 08:40:33', '3b54e470-c372-47a4-ad78-8636d7d1b921'),
('932c5005-1065-4557-94e2-338c58db2060', '305 - RUANG KULIAH', '-', '-', '0', '0', '2021-05-10 09:04:31', '2021-05-10 09:04:31', 'd15c05f2-bd33-475d-8a70-cc85b0f69d5e'),
('97b3213e-3e59-41c0-82de-a45a95d5111a', '309 - SELASAR', '-', '-', '0', '0', '2021-05-10 08:46:06', '2021-05-10 08:46:06', '6af97e0f-6366-48ee-bf2f-897f0cd5c59d'),
('97e7583c-670c-4e38-87d3-4cd72a8a1661', '202 - RUANG REKTOR', '-', '-', '0', '0', '2021-05-10 08:51:07', '2021-05-10 08:51:07', 'd2ffba49-f1b2-46c6-96a3-990c8609866b'),
('98143a57-e205-4f9e-8b15-715ce24987d4', '206.1 - TOILET', '-', '-', '0', '0', '2021-05-10 08:58:37', '2021-05-10 08:58:37', 'd2ffba49-f1b2-46c6-96a3-990c8609866b'),
('9876243e-4e33-41b5-962f-9a7452d504e5', '105 - RUANG BAAK', '-', '-', '0', '0', '2021-05-10 08:49:18', '2021-05-10 08:49:18', 'd15c05f2-bd33-475d-8a70-cc85b0f69d5e'),
('98766f4c-22a3-420a-a4e6-5b0bd95e3ed9', '403 - RUANG KULIAH', '-', '-', '0', '0', '2021-05-10 09:08:17', '2021-05-10 09:08:17', 'd15c05f2-bd33-475d-8a70-cc85b0f69d5e'),
('9b50b571-885d-4a5f-8b46-e21c403a26e3', '104.1 - KELAS DLC', '-', '-', '-', '0', '2021-05-10 08:34:21', '2021-05-10 08:34:21', '3b54e470-c372-47a4-ad78-8636d7d1b921'),
('9b5b64c5-76c0-4be3-9f0c-909305021fd1', '305 - RUANG KULIAH', '-', '-', '0', '0', '2021-05-10 09:30:30', '2021-05-10 09:30:30', '1fa8135c-4785-472c-910d-d3a4362c1ebd'),
('9e6a9a0e-6a96-4608-bd23-5f9f88e09898', '203 - STAF ADM PASCA', '-', '-', '0', '0', '2021-05-10 08:37:52', '2021-05-10 08:37:52', '6af97e0f-6366-48ee-bf2f-897f0cd5c59d'),
('9ee24299-4ed1-437e-a5b9-9a3b4c1a9100', '110 - SELASAR', '-', '-', '0', '0', '2021-05-10 08:51:30', '2021-05-10 08:51:30', 'd15c05f2-bd33-475d-8a70-cc85b0f69d5e'),
('9f245922-7249-4f22-9ccb-3c0a7f3df68b', '311 - SELASAR ICT', '-', '-', '0', '0', '2021-05-10 09:19:03', '2021-05-10 09:19:03', 'd2ffba49-f1b2-46c6-96a3-990c8609866b'),
('a047b92b-307a-4919-9a83-5310d9a21eab', '303 - RUANG KULIAH', '-', '-', '0', '0', '2021-05-10 09:29:20', '2021-05-10 09:29:20', '1fa8135c-4785-472c-910d-d3a4362c1ebd'),
('a0cdf43f-587c-47c5-934f-b4b9eb1be683', '207 - RUANG KULIAH', '-', '-', '0', '0', '2021-05-10 08:54:23', '2021-05-10 08:54:23', 'd15c05f2-bd33-475d-8a70-cc85b0f69d5e'),
('a240765b-0658-4f21-8cb2-993d0b8cb237', '402 - LAB AKUTANSI MANUAL', '-', '-', '0', '0', '2021-05-10 09:21:58', '2021-05-10 09:21:58', '08654095-a36d-4dac-913c-6cd6a56e57fa'),
('a2c4af6d-8f0a-4f6b-82cc-9b8bd38a07f9', '301 - RUANG KULIAH', '-', '-', '0', '0', '2021-05-10 08:43:30', '2021-05-10 08:43:30', '6af97e0f-6366-48ee-bf2f-897f0cd5c59d'),
('a35d9044-33ae-49e0-8112-95398b42360d', '108 - LBBY GEDUNG F', '-', '-', '0', '0', '2021-05-10 08:50:39', '2021-05-10 08:50:39', 'd15c05f2-bd33-475d-8a70-cc85b0f69d5e'),
('a41a4172-8375-44df-962e-9d2b5d05b6af', '206 - SELASAR', '-', '-', '0', '0', '2021-05-10 08:57:42', '2021-05-10 08:57:42', 'd2ffba49-f1b2-46c6-96a3-990c8609866b'),
('a52b8c36-2f95-4273-84af-39a4b65fd679', '101 - STAF DEKAN', '-', '-', '0', '0', '2021-05-10 08:15:40', '2021-05-10 08:15:40', '6af97e0f-6366-48ee-bf2f-897f0cd5c59d'),
('a52d8a1e-1f23-4e2a-a440-7e45563e9f3a', '104 - RUANG KULIAH', '-', '-', '0', '0', '2021-05-10 09:11:45', '2021-05-10 09:11:45', '56463585-2599-4377-903f-83078b943b99'),
('a6198b1b-7b05-4a35-b616-c5558c307477', '101 - RUANG KULIAH', '-', '-', '0', '0', '2021-05-10 08:32:22', '2021-05-10 08:32:22', '08654095-a36d-4dac-913c-6cd6a56e57fa'),
('a7a0861c-018a-4d62-8253-28cbd6b00855', '404 - AULA', '-', '-', '0', '0', '2021-05-10 09:22:11', '2021-05-10 09:22:11', 'd2ffba49-f1b2-46c6-96a3-990c8609866b'),
('a8b10d3d-d27d-469f-893f-668bf120c882', '208 - RUANG KULIAH', '-', '-', '0', '0', '2021-05-10 08:54:50', '2021-05-10 08:54:50', 'd15c05f2-bd33-475d-8a70-cc85b0f69d5e'),
('a95c58ac-1fed-473a-8762-3b48a4ef6ccc', '202 - RUANG KULIAH', '-', '-', '0', '0', '2021-05-10 08:52:35', '2021-05-10 08:52:35', 'd15c05f2-bd33-475d-8a70-cc85b0f69d5e'),
('a9a61172-4554-4df5-b156-6ca5937a3680', '106 - RUANG KULIAH', '-', '-', '0', '0', '2021-05-10 09:04:50', '2021-05-10 09:04:50', '08654095-a36d-4dac-913c-6cd6a56e57fa'),
('aa2800ba-431c-473b-80da-cb18a3f497cf', '103 - 3', '-', '-', '-', '0', '2021-05-14 18:23:36', '2021-05-14 18:23:36', '1d4c6fd7-4b5b-4aa0-a888-3fdea62bc453'),
('aa894151-8e91-4add-9c41-ed41ea79d1b8', '206 - RUANG KULIAH', '-', '-', '0', '0', '2021-05-10 08:54:05', '2021-05-10 08:54:05', 'd15c05f2-bd33-475d-8a70-cc85b0f69d5e'),
('ae320220-1f22-46c7-8274-a531b0f131d5', '203 - LAB A', '-', '-', '0', '0', '2021-05-10 09:13:06', '2021-05-10 09:13:06', '08654095-a36d-4dac-913c-6cd6a56e57fa'),
('af0dbfe5-47b7-4d52-8484-47545c421f14', '101 - 13', '-', '-', '-', '0', '2021-05-14 18:23:36', '2021-05-14 18:23:36', 'df3865c8-8ca1-47fb-9e4d-e48bee1b2dec'),
('af8448c4-06c5-4631-b260-3b9d6a2d3be6', '102 - 5', '-', '-', '-', '0', '2021-05-14 18:23:36', '2021-05-14 18:23:36', '88c295f3-219b-4ff3-b69b-aa04a6855566'),
('b0157cf7-5176-43df-8595-1434b046f25f', '209 - LAB D', '-', '-', '0', '0', '2021-05-10 09:16:03', '2021-05-10 09:16:03', '08654095-a36d-4dac-913c-6cd6a56e57fa'),
('b16cd028-1808-4086-80c7-1eb08e7d64ce', '309.1 - KABAG AKUNTANSI & ANGGARAN', '-', '-', '0', '0', '2021-05-10 09:15:41', '2021-05-10 09:15:41', 'd2ffba49-f1b2-46c6-96a3-990c8609866b'),
('b1ad3d6c-a8c4-49ec-84dd-f377f54f89bf', '101 - RUANG PELAYANAN', '-', '0', '0', '0', '2021-05-10 08:29:22', '2021-05-10 08:29:22', '56463585-2599-4377-903f-83078b943b99'),
('b265bb82-d919-4a4b-b395-800d9e5766fd', '206 - RUANG KULIAH', '-', '-', '0', '0', '2021-05-10 09:26:49', '2021-05-10 09:26:49', '1fa8135c-4785-472c-910d-d3a4362c1ebd'),
('b293b122-5d34-470f-bf71-e94c50fb9872', '105 - RUANG KULIAH', '-', '-', '0', '0', '2021-05-10 09:04:34', '2021-05-10 09:04:34', '08654095-a36d-4dac-913c-6cd6a56e57fa'),
('b4f6709e-ed65-48b7-a6af-6b06a703056f', '203 - RUANG KULIAH', '-', '-', '0', '0', '2021-05-10 08:52:55', '2021-05-10 08:52:55', 'd15c05f2-bd33-475d-8a70-cc85b0f69d5e'),
('b7939119-51ee-468a-99c6-fdf342542cfe', '104.4 - KELAS DLC', '-', '-', '-', '0', '2021-05-10 08:37:27', '2021-05-10 08:37:27', '3b54e470-c372-47a4-ad78-8636d7d1b921'),
('b7ac08f5-bdd3-4cee-9903-5b49c71df95c', '201.1 - TOILET', '-', '-', '0', '0', '2021-05-10 08:50:36', '2021-05-10 08:50:36', 'd2ffba49-f1b2-46c6-96a3-990c8609866b'),
('bacccf1a-0004-4e85-bdac-b266eff89bfd', '205 - 3', '-', '-', '-', '0', '2021-05-14 18:23:36', '2021-05-14 18:23:36', '1d4c6fd7-4b5b-4aa0-a888-3fdea62bc453'),
('bb5517e0-e94a-480a-bf90-5bfe3a87cfd9', '108 - ', '-', '-', '0', '0', '2021-05-10 09:20:06', '2021-05-10 09:20:06', '1fa8135c-4785-472c-910d-d3a4362c1ebd'),
('bcaf070a-6bde-4b8c-87e8-efcfd5281b96', '106 - RUANG PLPP', '-', '-', '0', '0', '2021-05-10 08:49:40', '2021-05-10 08:49:40', 'd15c05f2-bd33-475d-8a70-cc85b0f69d5e'),
('beb827cd-e054-40f3-b50c-ee72d9e372f1', '102 - KA UPT BAHASA & UPT PELATIHAN', '-', '-', '-', '0', '2021-05-10 08:31:20', '2021-05-10 08:31:20', '3b54e470-c372-47a4-ad78-8636d7d1b921'),
('bf5e85c8-6fbc-4c09-97b9-efb0de2d51da', '204 - RUANG KULIAH', '-', '-', '0', '0', '2021-05-10 09:23:45', '2021-05-10 09:23:45', '1fa8135c-4785-472c-910d-d3a4362c1ebd'),
('c14673f4-87db-4975-a2ad-d6671d0d5491', '103 - RUANG KULIAH', '-', '-', '0', '0', '2021-05-10 09:03:17', '2021-05-10 09:03:17', '08654095-a36d-4dac-913c-6cd6a56e57fa'),
('c1d0002c-3a3b-418c-bc9f-aaca6b5ce6e9', '104 - LOBBY IAC', '-', '-', '0', '0', '2021-05-10 08:17:24', '2021-05-10 08:17:24', '6af97e0f-6366-48ee-bf2f-897f0cd5c59d'),
('c4364e26-fa2e-4c3e-9b2f-5902b0b23c1f', '409 - SELASAR', '-', '-', '0', '0', '2021-05-10 09:10:43', '2021-05-10 09:10:43', 'd15c05f2-bd33-475d-8a70-cc85b0f69d5e'),
('c457e49d-838c-40fc-9bac-b6568881fb69', '208 - LAB D', '-', '-', '0', '0', '2021-05-10 09:15:11', '2021-05-10 09:15:11', '08654095-a36d-4dac-913c-6cd6a56e57fa'),
('c574351b-05b1-437d-8a4d-ccd5e39a90f9', '407 - LAB LANJUT C', '-', '-', '0', '0', '2021-05-10 09:23:51', '2021-05-10 09:23:51', '08654095-a36d-4dac-913c-6cd6a56e57fa'),
('c58526e5-ee1f-429d-9cec-f19a86911b71', '302.1 - KABAG PENGEMBANGAN & PELATIHAN', '-', '-', '0', '0', '2021-05-10 09:07:51', '2021-05-10 09:07:51', 'd2ffba49-f1b2-46c6-96a3-990c8609866b'),
('c6069278-0367-4635-a216-a8c7e64f7108', '407 - RUANG KULIAH', '-', '-', '0', '0', '2021-05-10 09:09:31', '2021-05-10 09:09:31', 'd15c05f2-bd33-475d-8a70-cc85b0f69d5e'),
('c667a06c-1a8a-4663-b47a-41ac47ed43ae', '104 - 2', '-', '-', '-', '0', '2021-05-14 18:23:36', '2021-05-14 18:23:36', 'fc1e399e-f913-4fbd-a571-732f803d76b3'),
('c788576d-e73a-4941-851f-ba3bb88382ec', '108 - RUANG KULIAH', '-', '-', '0', '0', '2021-05-10 09:10:36', '2021-05-10 09:10:36', '08654095-a36d-4dac-913c-6cd6a56e57fa'),
('c817ab72-56b6-42c4-98d8-d7e5ecab6ffa', '104 - 3', '-', '-', '-', '0', '2021-05-14 18:23:36', '2021-05-14 18:23:36', '1d4c6fd7-4b5b-4aa0-a888-3fdea62bc453'),
('c872158a-6024-4408-b6d8-6b43971ede8b', '103 - RUMAH TANGGA', '-', '-', '0', '0', '2021-05-10 08:45:12', '2021-05-10 08:45:12', 'd2ffba49-f1b2-46c6-96a3-990c8609866b'),
('c997c7ae-b136-489f-8b8d-3673acdea30b', '103 - 4', '-', '-', '-', '0', '2021-05-14 18:23:36', '2021-05-14 18:23:36', 'fe8670ae-310a-4e63-a120-20caaa54ce62'),
('ca2a4f68-4d21-4993-bf08-0c9a1f5de370', '304 - RUANG KULIAH', '-', '-', '0', '0', '2021-05-10 08:44:18', '2021-05-10 08:44:18', '6af97e0f-6366-48ee-bf2f-897f0cd5c59d'),
('ca4a3dca-df23-4c35-ba1f-3720d0c386e6', '101.1 - KABIRO KEMAHASISWAAN', '-', '-', '0', '0', '2021-05-10 08:43:29', '2021-05-10 08:43:29', 'd2ffba49-f1b2-46c6-96a3-990c8609866b'),
('cadadd31-ed35-4a9f-9d8d-d9e8e4e9b875', '405 - LAB LANJUT B', '-', '-', '0', '0', '2021-05-10 09:23:03', '2021-05-10 09:23:03', '08654095-a36d-4dac-913c-6cd6a56e57fa'),
('cf537be8-e717-41b4-b92f-0e4b5cff1d09', '309 - BIRO KEUANGAN', '-', '-', '0', '0', '2021-05-10 09:14:53', '2021-05-10 09:14:53', 'd2ffba49-f1b2-46c6-96a3-990c8609866b'),
('d17ec03f-4356-43a9-af02-061130e62c8b', '302 - RUANG KULIAH', '-', '-', '0', '0', '2021-05-10 09:28:27', '2021-05-10 09:28:27', '1fa8135c-4785-472c-910d-d3a4362c1ebd'),
('d2697766-4ae2-4aad-a6b1-be2d86cf9e06', '308 - RUANG KULIAH', '-', '-', '0', '0', '2021-05-10 09:06:08', '2021-05-10 09:06:08', 'd15c05f2-bd33-475d-8a70-cc85b0f69d5e'),
('d3393c7b-26e1-4242-af61-5919343a5c8d', '307 - RUANG KULIAH', '-', '-', '0', '0', '2021-05-10 09:05:40', '2021-05-10 09:05:40', 'd15c05f2-bd33-475d-8a70-cc85b0f69d5e'),
('d4af47be-7ce9-46a6-8fbe-93828c930e07', '102.2 - KABAG PMB', '-', '-', '0', '0', '2021-05-10 09:02:18', '2021-05-10 09:02:18', '08654095-a36d-4dac-913c-6cd6a56e57fa'),
('d5626bb0-4f2c-4066-a4f1-c8c188b1dca4', '304.1 - KABIRO LPPM', '-', '-', '0', '0', '2021-05-10 09:11:21', '2021-05-10 09:11:21', 'd2ffba49-f1b2-46c6-96a3-990c8609866b'),
('d5a11453-33c8-419a-b4f8-f11ab17b1eb4', '203.2 - KAPRODI MTI', '-', '-', '0', '0', '2021-05-10 08:38:59', '2021-05-10 08:38:59', '6af97e0f-6366-48ee-bf2f-897f0cd5c59d'),
('d5acfeb5-7bb8-488c-b179-ecff6ba10d06', '310 - STAF ICT', '-', '-', '0', '0', '2021-05-10 09:16:32', '2021-05-10 09:16:32', 'd2ffba49-f1b2-46c6-96a3-990c8609866b'),
('d5f20ed3-a3a5-487d-a87a-444af84f839a', '101 - 10', '-', '-', '-', '0', '2021-05-14 18:23:36', '2021-05-14 18:23:36', '08aa4603-5a37-4e06-8d8f-35b95ebe1264'),
('d7155858-3a5f-4c8d-b571-69a98c2a2948', '110 - SELASAR', '-', '-', '0', '0', '2021-05-10 09:12:25', '2021-05-10 09:12:25', '08654095-a36d-4dac-913c-6cd6a56e57fa'),
('d859687b-901f-4a25-928b-83f326469935', '308 - TOILET', '-', '-', '0', '0', '2021-05-10 08:45:44', '2021-05-10 08:45:44', '6af97e0f-6366-48ee-bf2f-897f0cd5c59d'),
('d9cfbf27-abe1-4a98-a343-c4230a06df0e', '101 - 8', '-', '-', '-', '0', '2021-05-14 18:23:36', '2021-05-14 18:23:36', 'ec4b90a9-318a-470a-9586-96d4b33cb7fb'),
('da78a0ad-2a02-40ae-8ac1-cf74148f7d3d', '202.1 - LOUNGE', '-', '-', '0', '0', '2021-05-10 08:31:52', '2021-05-10 08:31:52', '6af97e0f-6366-48ee-bf2f-897f0cd5c59d'),
('db3669a7-732c-4821-bdd3-5df0bb9deb45', '101 - 4', '-', '-', '-', '0', '2021-05-14 18:23:36', '2021-05-14 18:23:36', 'fe8670ae-310a-4e63-a120-20caaa54ce62'),
('dc023411-bed9-479d-a224-328c8334151a', '102 - 9', '-', '-', '-', '0', '2021-05-14 18:23:36', '2021-05-14 18:23:36', '9ff8bc81-70da-4263-a91d-d659e902200f'),
('dc857c6b-93b3-43ce-b41d-39899d435545', '302 - LAB KOMPUTER AKUTANSI', '-', '-', '0', '0', '2021-05-10 09:17:44', '2021-05-10 09:17:44', '08654095-a36d-4dac-913c-6cd6a56e57fa'),
('dfb44197-21fa-43ee-8e17-79063280859f', '202 - RUANG KULIAH', '-', '-', '0', '0', '2021-05-10 09:12:26', '2021-05-10 09:12:26', '56463585-2599-4377-903f-83078b943b99'),
('dfd3a12c-17ec-4d0d-86e5-5ea61f994d66', '206 - RUANG KULIAH', '-', '-', '0', '0', '2021-05-10 08:40:37', '2021-05-10 08:40:37', '6af97e0f-6366-48ee-bf2f-897f0cd5c59d'),
('e0270040-9fc7-4b76-ac17-9a82fc157684', '210 - LAB ASISTEN', '-', '-', '0', '0', '2021-05-10 09:16:37', '2021-05-10 09:16:37', '08654095-a36d-4dac-913c-6cd6a56e57fa'),
('e044c8c7-23ad-478d-8299-ed5084871482', '508 - KOMBIR', '-', '-', '0', '0', '2021-05-10 09:13:13', '2021-05-10 09:13:13', 'd15c05f2-bd33-475d-8a70-cc85b0f69d5e'),
('e10fb149-bd24-4979-87bf-2f844396a598', '202 - RUANG KULIAH', '-', '-', '0', '0', '2021-05-10 09:22:25', '2021-05-10 09:22:25', '1fa8135c-4785-472c-910d-d3a4362c1ebd'),
('e1dabd92-28b5-4116-b2da-f12c4c1b1447', '204 - 3', '-', '-', '-', '0', '2021-05-14 18:23:36', '2021-05-14 18:23:36', '1d4c6fd7-4b5b-4aa0-a888-3fdea62bc453'),
('e2d8220d-f740-40ab-a553-1cf1a1257601', '304 - RUANG KULIAH', '-', '-', '0', '0', '2021-05-10 09:29:55', '2021-05-10 09:29:55', '1fa8135c-4785-472c-910d-d3a4362c1ebd'),
('e2ed2302-37be-4e31-9c13-4a9ceea8a9ad', '205 - RUANG KULIAH', '-', '-', '0', '0', '2021-05-10 09:26:00', '2021-05-10 09:26:00', '1fa8135c-4785-472c-910d-d3a4362c1ebd'),
('e357b635-5ed9-4e87-91cd-0d46b802e8aa', '402 - RUANG OPERATOR', '-', '-', '0', '0', '2021-05-10 09:21:00', '2021-05-10 09:21:00', 'd2ffba49-f1b2-46c6-96a3-990c8609866b'),
('e48466d8-7353-42ab-8da6-b99a97f01e1d', '104 - 1', '-', '-', '-', '0', '2021-05-14 18:23:36', '2021-05-14 18:23:36', '414e5022-284f-4ed6-bd01-77148c5b9379'),
('e4d75959-18ac-4ebe-beb0-8a8ecca0ac92', '103 - DEKAN & WAKIL EKONOMI BISNIS', '-', '-', '0', '0', '2021-05-10 08:17:01', '2021-05-10 08:17:01', '6af97e0f-6366-48ee-bf2f-897f0cd5c59d'),
('e5b99013-98a3-4c34-821c-3828e31c1553', '107 - RUANG SEMINAR', '-', '-', '0', '0', '2021-05-10 08:19:17', '2021-05-10 08:19:17', '6af97e0f-6366-48ee-bf2f-897f0cd5c59d'),
('e5bc9dff-2169-4829-b808-3545d1331b3f', '301 - RUANG KULIAH', '-', '-', '0', '0', '2021-05-10 09:13:36', '2021-05-10 09:13:36', '56463585-2599-4377-903f-83078b943b99'),
('e6aaa633-4719-471b-aca4-c9f990402c42', '402 - RUANG KULIAH', '-', '-', '0', '0', '2021-05-10 09:07:28', '2021-05-10 09:07:28', 'd15c05f2-bd33-475d-8a70-cc85b0f69d5e'),
('e7186a46-27d8-407f-86a8-ee7090b291c5', '306 - RUANG KULIAH', '-', '-', '0', '0', '2021-05-10 09:04:46', '2021-05-10 09:04:46', 'd15c05f2-bd33-475d-8a70-cc85b0f69d5e'),
('e7e406e6-0b69-4056-9e1d-53cce5630c54', '204.1 - KEUANGAN YAYASAN', '-', '-', '0', '0', '2021-05-10 08:54:01', '2021-05-10 08:54:01', 'd2ffba49-f1b2-46c6-96a3-990c8609866b'),
('e836bce8-eb55-4a48-ba0c-07ab2080f41a', '204 - STAF YAYASAN', '-', '-', '0', '0', '2021-05-10 08:52:54', '2021-05-10 08:52:54', 'd2ffba49-f1b2-46c6-96a3-990c8609866b'),
('e88057f5-d6f9-443f-9d18-7943575b4d12', '105 - STUDIO DKV', '-', '-', '0', '0', '2021-05-10 08:18:07', '2021-05-10 08:18:07', '6af97e0f-6366-48ee-bf2f-897f0cd5c59d'),
('ea7decb1-00af-45f8-b1f6-cac2b1b5422a', '307.1 - KABIRO LPMP', '-', '-', '0', '0', '2021-05-10 09:13:56', '2021-05-10 09:13:56', 'd2ffba49-f1b2-46c6-96a3-990c8609866b'),
('eaafd174-1d7a-4478-aa74-f07145df2a46', '208 - PANTRI', '-', '-', '0', '0', '2021-05-10 09:00:08', '2021-05-10 09:00:08', 'd2ffba49-f1b2-46c6-96a3-990c8609866b'),
('eac37b70-3f73-4dea-bbe8-6fc45dc08f65', '102 - SISTEM KOMPUTER', '-', '-', '0', '0', '2021-05-10 08:48:05', '2021-05-10 08:48:05', 'd15c05f2-bd33-475d-8a70-cc85b0f69d5e'),
('eb148d46-a623-4ae9-8358-aa1fd817f9ce', '504 - AULA', '-', '-', '0', '0', '2021-05-10 09:12:06', '2021-05-10 09:12:06', 'd15c05f2-bd33-475d-8a70-cc85b0f69d5e'),
('ebf24308-fb7f-4474-9aeb-3fb8b12be29b', '202 - 3', '-', '-', '-', '0', '2021-05-14 18:23:36', '2021-05-14 18:23:36', '1d4c6fd7-4b5b-4aa0-a888-3fdea62bc453'),
('ebf6a3e3-b4ff-465e-b62b-1ab9db513ea9', '310.1 - SERVER', '-', '-', '0', '0', '2021-05-10 09:17:09', '2021-05-10 09:17:09', 'd2ffba49-f1b2-46c6-96a3-990c8609866b'),
('ec8966c2-0cc7-4230-b4eb-9c09db311bc4', '503 - UKM', '-', '-', '0', '0', '2021-05-10 09:11:50', '2021-05-10 09:11:50', 'd15c05f2-bd33-475d-8a70-cc85b0f69d5e'),
('edf0c1e8-d8f8-4d6c-a883-a3bf8621c2b4', '302 - RUANG KULIAH', '-', '-', '0', '0', '2021-05-10 08:43:46', '2021-05-10 08:43:46', '6af97e0f-6366-48ee-bf2f-897f0cd5c59d'),
('eed72d20-8191-4821-b26a-904dd47c75d1', '505 - PERMADU', '-', '-', '0', '0', '2021-05-10 09:12:23', '2021-05-10 09:12:23', 'd15c05f2-bd33-475d-8a70-cc85b0f69d5e'),
('ef2e4c5f-5c29-49c7-8a5e-e69875d34492', '101 - 3', '-', '-', '-', '0', '2021-05-14 18:23:36', '2021-05-14 18:23:36', '1d4c6fd7-4b5b-4aa0-a888-3fdea62bc453'),
('ef3394ee-ac49-4217-b491-178a7cb47fea', '107 - RUANG KULIAH', '-', '-', '0', '0', '2021-05-10 09:06:34', '2021-05-10 09:06:34', '08654095-a36d-4dac-913c-6cd6a56e57fa'),
('ef87f6c0-746c-4d97-b8a5-82b427fa5f95', '404 - RUANG KULIAH', '-', '-', '0', '0', '2021-05-10 09:08:32', '2021-05-10 09:08:32', 'd15c05f2-bd33-475d-8a70-cc85b0f69d5e'),
('efea8867-04eb-433d-92f0-6cd553a800f1', '206 - STUDIO RADIO', '-', '-', '0', '0', '2021-05-10 09:14:26', '2021-05-10 09:14:26', '08654095-a36d-4dac-913c-6cd6a56e57fa'),
('f0853e1b-f673-49cb-8bbe-05ea0c4595a3', '204 - LAB B', '-', '-', '0', '0', '2021-05-10 09:13:36', '2021-05-10 09:13:36', '08654095-a36d-4dac-913c-6cd6a56e57fa'),
('f1e1b5b8-8ace-4aac-bbc4-8b91ae514ecd', '303 - WAKIL REKTOR 3', '-', '-', '0', '0', '2021-05-10 09:10:06', '2021-05-10 09:10:06', 'd2ffba49-f1b2-46c6-96a3-990c8609866b'),
('f3d57514-2d01-4db1-8667-9a4ba1e2a1c7', '104.3 - KELAS DLC', '-', '-', '-', '0', '2021-05-10 08:37:09', '2021-05-10 08:37:09', '3b54e470-c372-47a4-ad78-8636d7d1b921'),
('f4b45ef9-3c6d-465b-bb3d-95534606840b', '101.1 - PANTRY', '-', '-', '-', '0', '2021-05-10 08:28:53', '2021-05-10 08:28:53', '3b54e470-c372-47a4-ad78-8636d7d1b921'),
('f4c60f27-be34-440f-8653-d657c5dcf929', '306 - RUANG KULIAH', '-', '-', '0', '0', '2021-05-10 08:44:52', '2021-05-10 08:44:52', '6af97e0f-6366-48ee-bf2f-897f0cd5c59d'),
('f582cc36-ff0f-4f7c-ba22-9d532474cf0e', '205 - RUANG YAYASAN', '-', '-', '0', '0', '2021-05-10 08:54:36', '2021-05-10 08:54:36', 'd2ffba49-f1b2-46c6-96a3-990c8609866b'),
('f6f8f66d-fd46-4712-83b9-04e517841de5', '311 - SELASAR', '-', '-', '0', '0', '2021-05-10 09:21:13', '2021-05-10 09:21:13', '08654095-a36d-4dac-913c-6cd6a56e57fa'),
('fb692bab-a93c-4072-b009-d3e689119af6', '102 - RUANG KULIAH', '-', '-', '0', '0', '2021-05-10 09:02:54', '2021-05-10 09:02:54', '08654095-a36d-4dac-913c-6cd6a56e57fa'),
('fc840878-d3d8-43bd-a9f3-745256fd2888', '107 - HWJ', '-', '-', '0', '0', '2021-05-10 09:18:42', '2021-05-10 09:18:42', '1fa8135c-4785-472c-910d-d3a4362c1ebd'),
('fd49b25e-3c0f-48ce-ba01-3abbaad4162d', '207 - RUANG MEETING', '-', '-', '0', '0', '2021-05-10 08:59:19', '2021-05-10 08:59:19', 'd2ffba49-f1b2-46c6-96a3-990c8609866b');

--
-- Triggers `ruangan`
--
DELIMITER $$
CREATE TRIGGER `before_insert_ruangan` BEFORE INSERT ON `ruangan` FOR EACH ROW SET new.id = uuid()
$$
DELIMITER ;

-- --------------------------------------------------------

--
-- Table structure for table `satuan`
--

CREATE TABLE `satuan` (
  `id` varchar(50) NOT NULL,
  `name` varchar(50) NOT NULL
) ENGINE=InnoDB DEFAULT CHARSET=utf8mb4;

--
-- Triggers `satuan`
--
DELIMITER $$
CREATE TRIGGER `before_insert_satuan` BEFORE INSERT ON `satuan` FOR EACH ROW SET new.id = uuid()
$$
DELIMITER ;

-- --------------------------------------------------------

--
-- Table structure for table `sub_kelompok`
--

CREATE TABLE `sub_kelompok` (
  `id` varchar(50) NOT NULL,
  `namaSub` varchar(50) NOT NULL,
  `createdAt` timestamp NOT NULL DEFAULT current_timestamp(),
  `updatedAt` timestamp NOT NULL DEFAULT current_timestamp(),
  `kodeKelompok` varchar(50) NOT NULL
) ENGINE=InnoDB DEFAULT CHARSET=utf8mb4;

--
-- Dumping data for table `sub_kelompok`
--

INSERT INTO `sub_kelompok` (`id`, `namaSub`, `createdAt`, `updatedAt`, `kodeKelompok`) VALUES
('08787f25-1009-4999-938c-2f9e817be56d', 'PERLENGKAPAN TULIS MENULIS', '2021-05-03 06:24:16', '2021-05-03 06:24:16', '546167bc-0c48-4bd8-be8e-30b0dcc5154e'),
('12d26da0-6b30-4aae-b796-bb6cfec91ce3', 'PERLENGKAPAN PRINTER', '2021-05-03 06:25:17', '2021-05-03 06:25:17', 'e833be45-a3a4-44ff-a0c1-ff9b4b42195d'),
('18981200-7777-464e-9da7-c2535e549a41', 'SERAGAM MAHASISWA', '2021-05-03 06:30:59', '2021-05-03 06:30:59', 'e2385f5e-8d3e-4d6d-aa28-7a3f9ebe168f'),
('1a1bbe20-d25d-4ced-802f-4d378f9ced3f', 'BANGUNAN PENDUKUNG', '2021-05-03 06:16:38', '2021-05-03 06:16:38', 'd62eb448-cbcb-4422-bb9e-09527de04ea7'),
('1c3e0049-ff2f-49e1-9f16-24b060eb9391', 'PERLENGKAPAN KORESPONDENSI', '2021-05-03 06:24:47', '2021-05-03 06:24:47', '546167bc-0c48-4bd8-be8e-30b0dcc5154e'),
('22a6fa94-8f99-4fb1-ae1a-0c8bc60d9ac0', 'TANAH KAMPUS DARMAJAYA', '2021-05-03 06:13:43', '2021-05-03 06:13:43', '32a976af-ec26-4232-b645-1c8b612d8fd8'),
('22ea31b8-9b70-49be-9f0c-4bf0f476f4f6', 'PERLENGKAPAN KEARSIPAN', '2021-05-03 06:24:39', '2021-05-03 06:24:39', '546167bc-0c48-4bd8-be8e-30b0dcc5154e'),
('2fc08bf4-e455-4dc2-8040-be1be9cd3710', 'PERLENGKAPAN KORESPONDENSI', '2021-05-07 05:43:27', '2021-05-07 05:43:27', '546167bc-0c48-4bd8-be8e-30b0dcc5154e'),
('38d7c116-280d-4690-a616-ffa21f626c46', 'PERLENGKAPAN DAPUR', '2021-05-03 06:30:40', '2021-05-03 06:30:40', '15e42e06-dc9c-475b-b968-afab58b3e5cd'),
('3a977076-bd81-427b-b864-4208b13f91aa', 'SEPEDA MOTOR', '2021-05-03 06:29:31', '2021-05-03 06:29:31', '3628e071-026c-43bb-ad93-8d9db45aab2c'),
('3a9a4e5b-fb8f-4074-8f34-842c8d3fca28', 'KOMPUTER', '2021-05-03 06:17:35', '2021-05-03 06:17:35', '0219a882-767a-4ba0-8a56-e7fdab2e8e94'),
('487e6c2d-1b8e-4d2e-ae1c-8089da29be14', 'ELEKTRIKAL', '2021-05-03 06:17:08', '2021-05-03 06:17:08', '0219a882-767a-4ba0-8a56-e7fdab2e8e94'),
('4ffec7fe-f1f0-4361-bcbe-e1fe5b049ff4', 'TOOLS KELISTRIKAN', '2021-05-03 06:35:04', '2021-05-03 06:35:04', 'b5cca675-fbe3-4b04-954d-30f13c33e4fc'),
('58c5bedb-3df4-4e65-8f0e-9366c9981b81', 'TOOLS SIPIL', '2021-05-03 06:37:07', '2021-05-03 06:37:07', '82fd79f7-038d-4a3b-bfcd-6b79bc6f0139'),
('5ffe906e-62a1-44a0-a3b7-08fb0dabc956', 'ASSESORIES ATK', '2021-05-03 06:25:07', '2021-05-03 06:25:07', '546167bc-0c48-4bd8-be8e-30b0dcc5154e'),
('63e61f7a-7898-4455-a9c3-beee7971ab03', 'MEDIA MARKETING', '2021-05-03 06:32:21', '2021-05-03 06:32:21', 'c4b0b251-4c9e-47c1-9a95-86483c6dd408'),
('653ffc3b-dad7-4bd3-aef1-93997ef95a2f', 'AKSESORIS KOMPUTER', '2021-05-03 06:25:27', '2021-05-06 08:23:35', 'e833be45-a3a4-44ff-a0c1-ff9b4b42195d'),
('677b4941-b841-4947-9d61-cdc8c7c17741', 'LAMPU PENERANGAN', '2021-05-03 06:33:43', '2021-05-03 06:33:43', 'b5cca675-fbe3-4b04-954d-30f13c33e4fc'),
('6c09e34f-a2eb-4ff9-a795-7c303f059d18', 'PERLENGKAPAN SANITAIR ', '2021-05-03 06:37:41', '2021-05-03 06:37:41', '82fd79f7-038d-4a3b-bfcd-6b79bc6f0139'),
('6fef606a-1af2-410c-ba05-e910a223ee39', 'TOOLS SIPIL & ME', '2021-05-03 06:18:39', '2021-05-03 06:18:39', '0219a882-767a-4ba0-8a56-e7fdab2e8e94'),
('74972728-9500-408c-b91d-4eab94e11799', 'PENDINGIN UDARA', '2021-05-03 06:18:56', '2021-05-03 06:18:56', '0219a882-767a-4ba0-8a56-e7fdab2e8e94'),
('87be7fbc-7e57-4256-85bc-380da9976c35', 'PERLENGKAPAN JARINGAN', '2021-05-03 06:25:37', '2021-05-03 06:25:37', 'e833be45-a3a4-44ff-a0c1-ff9b4b42195d'),
('8d89a1cb-294b-4d24-8c3c-32d77894ecc2', 'BANGUNAN UTAMA', '2021-05-03 06:16:17', '2021-05-03 06:16:17', 'd62eb448-cbcb-4422-bb9e-09527de04ea7'),
('94e18dbf-d173-4b1e-aa9d-a7e958e6f73a', 'PERLENGKAPAN KEBERSIHAN', '2021-05-03 06:30:22', '2021-05-03 06:30:22', '15e42e06-dc9c-475b-b968-afab58b3e5cd'),
('9a3dd5b3-d845-4160-8dce-1b7787b1c208', 'ASSESORIES SIPIL', '2021-05-03 06:36:22', '2021-05-03 06:36:22', '82fd79f7-038d-4a3b-bfcd-6b79bc6f0139'),
('9b7bdfa6-4021-43f5-8593-d9882670e16e', 'PERLENGKAPAN PERAWATAN LISTRIK', '2021-05-03 06:34:11', '2021-05-03 06:34:11', 'b5cca675-fbe3-4b04-954d-30f13c33e4fc'),
('9cabf3a6-2950-4c95-bbc0-ccf2889bf47f', 'PERLENGKAPAN SUKU CADANG KOMPUTER', '2021-05-03 06:25:47', '2021-05-03 06:25:47', 'e833be45-a3a4-44ff-a0c1-ff9b4b42195d'),
('ab797862-df08-4447-b725-132e24cdff5c', 'MOBIL BUS', '2021-05-03 06:35:23', '2021-05-03 06:35:23', '3628e071-026c-43bb-ad93-8d9db45aab2c'),
('b54686ba-e4a0-496a-ab36-43b37ba0c9ab', 'SERAGAM KARYAWAN', '2021-05-03 06:31:12', '2021-05-03 06:31:12', 'e2385f5e-8d3e-4d6d-aa28-7a3f9ebe168f'),
('b82012be-74e6-4c65-8e91-f0d79e37821f', 'PERLENGKAPAN LAINNYA', '2021-05-03 06:38:15', '2021-05-03 06:38:15', '82fd79f7-038d-4a3b-bfcd-6b79bc6f0139'),
('c3a544c3-9aa8-434d-b462-afd3fd66ecbf', 'FURNITURE KANTOR', '2021-05-03 06:34:59', '2021-05-03 06:34:59', '22a22cd9-3d82-4506-927b-1ee792f6ede1'),
('c6930c26-8e0e-4dca-8449-e84e95a18705', 'PERLENGKAPAN ELEKTRIK', '2021-05-03 06:24:57', '2021-05-03 06:24:57', '546167bc-0c48-4bd8-be8e-30b0dcc5154e'),
('ca1f430a-61c5-4332-9377-4a1c7850b25a', 'MEDIA OUTDOOR', '2021-05-03 06:32:08', '2021-05-03 06:32:08', 'c4b0b251-4c9e-47c1-9a95-86483c6dd408'),
('cc923492-322b-4c26-ad18-01b39aadc3b8', 'MEKANIKAL', '2021-05-03 06:16:33', '2021-05-03 06:16:33', '0219a882-767a-4ba0-8a56-e7fdab2e8e94'),
('cea38df0-ac60-4f74-a43d-cf84dfc79495', 'CENDERA MATA', '2021-05-03 06:31:54', '2021-05-03 06:31:54', 'c4b0b251-4c9e-47c1-9a95-86483c6dd408'),
('d9d9c28c-6343-4400-ae1f-61cbab28b11d', 'FURNITURE PERKULIAHAN', '2021-05-03 06:35:19', '2021-05-03 06:35:19', '22a22cd9-3d82-4506-927b-1ee792f6ede1'),
('da062a3b-e983-4b7b-a28d-6e22e54174e5', 'SUKU CADANG ELEKTRIK', '2021-05-03 06:35:32', '2021-05-03 06:35:32', 'b5cca675-fbe3-4b04-954d-30f13c33e4fc'),
('dbc2d552-c631-42d5-974b-b23204c7cdba', 'MOBIL PENUMPANG', '2021-05-03 06:31:30', '2021-05-03 06:31:30', '3628e071-026c-43bb-ad93-8d9db45aab2c'),
('ddd720db-c0fc-43fe-aff4-b17c650cfcfe', 'KERTAS', '2021-05-03 06:24:31', '2021-05-03 06:24:31', '546167bc-0c48-4bd8-be8e-30b0dcc5154e'),
('e4de2947-0177-4036-945a-d6df361f505c', 'PERLENGKAPAN SECURITY', '2021-05-03 06:31:30', '2021-05-03 06:31:30', 'e2385f5e-8d3e-4d6d-aa28-7a3f9ebe168f'),
('f026ab38-5300-438e-9268-9ec021989c2d', 'MOBIL BARANG', '2021-05-03 06:46:12', '2021-05-03 06:46:12', '3628e071-026c-43bb-ad93-8d9db45aab2c'),
('f2280de1-f530-4adb-aa98-fa9ff17232b4', 'JARINGAN', '2021-05-03 06:17:51', '2021-05-03 06:17:51', '0219a882-767a-4ba0-8a56-e7fdab2e8e94');

--
-- Triggers `sub_kelompok`
--
DELIMITER $$
CREATE TRIGGER `before_insert_sub_kelompok` BEFORE INSERT ON `sub_kelompok` FOR EACH ROW SET new.id = uuid()
$$
DELIMITER ;

-- --------------------------------------------------------

--
-- Table structure for table `users`
--

CREATE TABLE `users` (
  `user_id` varchar(50) NOT NULL,
  `first_name` varchar(255) NOT NULL,
  `last_name` varchar(255) NOT NULL,
  `email` varchar(255) NOT NULL,
  `password` varchar(255) NOT NULL,
  `isActive` enum('Yes','No') NOT NULL,
  `profile` varchar(255) NOT NULL,
  `level` enum('Super_Admin','Administrator','Guest') NOT NULL,
  `publish` enum('Yes','No') NOT NULL DEFAULT 'Yes',
  `create_at` datetime NOT NULL DEFAULT current_timestamp(),
  `update_at` datetime NOT NULL DEFAULT current_timestamp()
) ENGINE=InnoDB DEFAULT CHARSET=utf8mb4;

--
-- Dumping data for table `users`
--

INSERT INTO `users` (`user_id`, `first_name`, `last_name`, `email`, `password`, `isActive`, `profile`, `level`, `publish`, `create_at`, `update_at`) VALUES
('181db855-d013-11eb-88a4-98eecbc8242d', 'admin', '.', 'admin@uacak.tech', '202cb962ac59075b964b07152d234b70', 'Yes', 'default.png', 'Administrator', 'Yes', '2021-06-18 15:56:39', '2021-06-18 15:56:39'),
('204d15b6-d018-11eb-88a4-98eecbc8242d', 'guest', '.', 'guest@uacak.tech', '202cb962ac59075b964b07152d234b70', 'Yes', 'default.png', 'Guest', 'Yes', '2021-06-18 15:56:39', '2021-06-18 15:56:39'),
('7cac0fe2-d010-11eb-88a4-98eecbc8242d', 'Super', 'User', 'su@uacak.tech', '202cb962ac59075b964b07152d234b70', 'Yes', 'default.png', 'Super_Admin', 'Yes', '2021-06-18 15:37:59', '2021-06-18 15:37:59');

--
-- Triggers `users`
--
DELIMITER $$
CREATE TRIGGER `before_insert_users` BEFORE INSERT ON `users` FOR EACH ROW SET new.user_id = uuid()
$$
DELIMITER ;

--
-- Indexes for dumped tables
--

--
-- Indexes for table `barang`
--
ALTER TABLE `barang`
  ADD PRIMARY KEY (`id`);

--
-- Indexes for table `department`
--
ALTER TABLE `department`
  ADD PRIMARY KEY (`nameShort`);

--
-- Indexes for table `gedung`
--
ALTER TABLE `gedung`
  ADD PRIMARY KEY (`id`);

--
-- Indexes for table `golongan`
--
ALTER TABLE `golongan`
  ADD PRIMARY KEY (`id`);

--
-- Indexes for table `history`
--
ALTER TABLE `history`
  ADD PRIMARY KEY (`history_id`),
  ADD KEY `user_id` (`user_id`);

--
-- Indexes for table `kartu_stok_non_aset`
--
ALTER TABLE `kartu_stok_non_aset`
  ADD PRIMARY KEY (`id`);

--
-- Indexes for table `kelompok`
--
ALTER TABLE `kelompok`
  ADD PRIMARY KEY (`id`);

--
-- Indexes for table `ksa_kendaraan`
--
ALTER TABLE `ksa_kendaraan`
  ADD PRIMARY KEY (`id`);

--
-- Indexes for table `product`
--
ALTER TABLE `product`
  ADD PRIMARY KEY (`id`);

--
-- Indexes for table `product_kendaraan`
--
ALTER TABLE `product_kendaraan`
  ADD PRIMARY KEY (`id`);

--
-- Indexes for table `ruangan`
--
ALTER TABLE `ruangan`
  ADD PRIMARY KEY (`id`);

--
-- Indexes for table `satuan`
--
ALTER TABLE `satuan`
  ADD PRIMARY KEY (`id`);

--
-- Indexes for table `sub_kelompok`
--
ALTER TABLE `sub_kelompok`
  ADD PRIMARY KEY (`id`);

--
-- Indexes for table `users`
--
ALTER TABLE `users`
  ADD PRIMARY KEY (`user_id`);
COMMIT;

/*!40101 SET CHARACTER_SET_CLIENT=@OLD_CHARACTER_SET_CLIENT */;
/*!40101 SET CHARACTER_SET_RESULTS=@OLD_CHARACTER_SET_RESULTS */;
/*!40101 SET COLLATION_CONNECTION=@OLD_COLLATION_CONNECTION */;
